timestamp,user_id,latitude,longitude,country,device,genre,playlist_created,playlist_modified,songs_played,songs_liked,is_attacker
2026-01-26 18:13:10.511079,selen_01,41.0082,28.9784,TR,iPhone 14,jazz,0,0,14,4,False
2026-01-26 20:30:10.514069,selen_01,41.0082,28.9784,TR,iPhone 13,rock,0,0,11,5,False
2026-01-26 21:09:10.511079,selen_01,41.0082,28.9784,TR,iPhone 13,pop,0,0,13,1,False
2026-01-26 22:38:10.511079,selen_01,41.0082,28.9784,TR,MacBook Pro,rock,0,0,18,0,False
2026-01-27 00:13:10.511079,selen_01,41.0082,28.9784,TR,MacBook Pro,indie,0,0,8,3,False
2026-01-27 01:32:10.511079,selen_01,41.0082,28.9784,TR,iPhone 14,rock,0,0,24,0,False
2026-01-27 01:40:10.511079,selen_01,41.0082,28.9784,TR,iPhone 14,indie,0,0,22,1,False
2026-01-27 01:53:10.511079,selen_01,41.0082,28.9784,TR,iPhone 14,pop,0,0,17,5,False
2026-01-27 03:57:10.511079,selen_01,41.0082,28.9784,TR,MacBook Pro,jazz,0,0,8,5,False
2026-01-27 04:55:10.514069,selen_01,41.0082,28.9784,TR,MacBook Pro,rock,0,0,23,4,False
2026-01-27 05:14:10.511079,selen_01,41.0082,28.9784,TR,iPhone 14,electronic,0,0,8,3,False
2026-01-27 06:37:10.511079,selen_01,41.0082,28.9784,TR,iPhone 14,rock,0,0,8,3,False
2026-01-27 07:32:10.511079,selen_01,41.0082,28.9784,TR,iPhone 13,k-pop,0,0,10,3,False
2026-01-27 08:30:10.511079,selen_01,41.0082,28.9784,TR,iPhone 13,k-pop,0,0,7,0,False
2026-01-27 09:09:10.511079,selen_01,41.0082,28.9784,TR,iPhone 14,pop,0,0,16,1,False
2026-01-27 09:38:10.511079,selen_01,41.0082,28.9784,TR,MacBook Pro,pop,0,0,5,2,False
2026-01-27 09:41:10.511079,selen_01,41.0082,28.9784,TR,MacBook Pro,jazz,0,0,13,4,False
2026-01-27 12:41:10.511079,selen_01,41.0082,28.9784,TR,iPhone 13,indie,0,0,14,1,False
2026-01-27 12:44:10.514069,selen_01,41.0082,28.9784,TR,iPhone 14,jazz,0,0,16,3,False
2026-01-27 12:45:10.511079,selen_01,41.0082,28.9784,TR,MacBook Pro,electronic,0,0,20,0,False
2026-01-27 13:11:10.514069,selen_01,41.0082,28.9784,TR,MacBook Pro,electronic,0,0,5,2,False
2026-01-27 13:19:10.514069,selen_01,41.0082,28.9784,TR,MacBook Pro,pop,0,0,20,1,False
2026-01-27 14:23:10.511079,selen_01,41.0082,28.9784,TR,MacBook Pro,rock,0,0,12,4,False
2026-01-27 15:11:10.511079,selen_01,41.0082,28.9784,TR,iPhone 14,indie,0,0,5,5,False
2026-01-27 16:14:10.511079,selen_01,41.0082,28.9784,TR,iPhone 14,electronic,0,0,22,3,False
2026-01-27 17:31:10.511079,selen_01,41.0082,28.9784,TR,iPhone 13,rock,0,0,16,5,False
2026-01-27 19:27:10.511079,selen_01,41.0082,28.9784,TR,iPhone 14,rock,0,0,17,3,False
2026-01-27 19:34:10.511079,selen_01,41.0082,28.9784,TR,iPhone 13,pop,0,0,16,1,False
2026-01-27 20:05:10.511079,selen_01,41.0082,28.9784,TR,MacBook Pro,jazz,0,0,13,0,False
2026-01-27 20:42:10.511079,selen_01,41.0082,28.9784,TR,MacBook Pro,indie,0,0,11,4,False
2026-01-27 20:52:10.511079,selen_01,41.0082,28.9784,TR,iPhone 14,rock,0,0,23,5,False
2026-01-27 21:01:10.511079,selen_01,41.0082,28.9784,TR,iPhone 13,jazz,0,0,18,1,False
2026-01-27 21:23:10.514069,selen_01,41.0082,28.9784,TR,iPhone 14,pop,0,0,10,4,False
2026-01-27 22:13:10.514069,selen_01,41.0082,28.9784,TR,MacBook Pro,jazz,0,0,16,4,False
2026-01-27 23:37:10.514069,selen_01,41.0082,28.9784,TR,iPhone 14,jazz,0,0,18,1,False
2026-01-27 23:57:10.511079,selen_01,41.0082,28.9784,TR,iPhone 13,k-pop,0,0,12,4,False
2026-01-28 01:07:10.511079,selen_01,41.0082,28.9784,TR,iPhone 13,indie,0,0,6,2,False
2026-01-28 01:26:10.511079,selen_01,41.0082,28.9784,TR,iPhone 13,electronic,0,0,17,3,False
2026-01-28 02:47:10.511079,selen_01,41.0082,28.9784,TR,MacBook Pro,k-pop,0,0,19,2,False
2026-01-28 05:20:10.514069,selen_01,41.0082,28.9784,TR,MacBook Pro,rock,0,0,21,4,False
2026-01-28 05:59:10.514069,selen_01,41.0082,28.9784,TR,MacBook Pro,jazz,0,0,23,1,False
2026-01-28 06:37:10.511079,selen_01,41.0082,28.9784,TR,MacBook Pro,pop,0,0,12,5,False
2026-01-28 07:34:10.511079,selen_01,41.0082,28.9784,TR,iPhone 14,jazz,0,0,22,4,False
2026-01-28 08:09:10.511079,selen_01,41.0082,28.9784,TR,iPhone 13,electronic,0,0,10,0,False
2026-01-28 10:36:10.511079,selen_01,41.0082,28.9784,TR,iPhone 13,k-pop,0,0,23,5,False
2026-01-28 10:57:10.511079,selen_01,41.0082,28.9784,TR,iPhone 14,jazz,0,0,15,4,False
2026-01-28 11:21:10.511079,selen_01,41.0082,28.9784,TR,iPhone 13,electronic,0,0,21,5,False
2026-01-28 11:23:10.511079,selen_01,41.0082,28.9784,TR,iPhone 13,k-pop,0,0,11,0,False
2026-01-28 12:13:10.511079,selen_01,41.0082,28.9784,TR,iPhone 14,rock,0,0,25,1,False
2026-01-28 14:58:10.511079,selen_01,41.0082,28.9784,TR,MacBook Pro,electronic,0,0,16,2,False
2026-01-28 15:05:10.511079,selen_01,41.0082,28.9784,TR,iPhone 14,jazz,0,0,20,5,False
2026-01-28 15:31:10.511079,selen_01,41.0082,28.9784,TR,iPhone 13,k-pop,0,0,6,3,False
2026-01-28 15:34:10.511079,selen_01,41.0082,28.9784,TR,iPhone 13,indie,0,0,9,5,False
2026-01-28 16:50:10.511079,selen_01,41.0082,28.9784,TR,iPhone 14,pop,0,0,23,4,False
2026-01-28 17:53:10.511079,selen_01,41.0082,28.9784,TR,iPhone 13,electronic,0,0,24,0,False
2026-01-28 18:52:10.511079,selen_01,41.0082,28.9784,TR,iPhone 13,k-pop,0,0,25,1,False
2026-01-28 20:35:10.511079,selen_01,41.0082,28.9784,TR,iPhone 13,jazz,0,0,6,3,False
2026-01-28 20:59:10.511079,selen_01,41.0082,28.9784,TR,MacBook Pro,jazz,0,0,20,2,False
2026-01-28 22:16:10.511079,selen_01,41.0082,28.9784,TR,MacBook Pro,k-pop,0,0,8,3,False
2026-01-28 22:54:10.511079,selen_01,41.0082,28.9784,TR,iPhone 13,jazz,0,0,18,2,False
2026-01-29 00:39:10.511079,selen_01,41.0082,28.9784,TR,iPhone 13,jazz,0,0,18,4,False
2026-01-29 01:54:10.514069,selen_01,41.0082,28.9784,TR,iPhone 13,indie,0,0,11,1,False
2026-01-29 02:57:10.514069,selen_01,41.0082,28.9784,TR,iPhone 14,pop,0,0,18,0,False
2026-01-29 03:56:10.511079,selen_01,41.0082,28.9784,TR,iPhone 13,rock,0,0,9,2,False
2026-01-29 03:58:10.511079,selen_01,41.0082,28.9784,TR,iPhone 14,rock,0,0,10,2,False
2026-01-29 04:42:10.511079,selen_01,41.0082,28.9784,TR,MacBook Pro,pop,0,0,10,0,False
2026-01-29 06:28:10.511079,selen_01,41.0082,28.9784,TR,MacBook Pro,electronic,0,0,14,5,False
2026-01-29 06:41:10.511079,selen_01,41.0082,28.9784,TR,iPhone 13,rock,0,0,7,0,False
2026-01-29 07:17:10.511079,selen_01,41.0082,28.9784,TR,MacBook Pro,jazz,0,0,22,0,False
2026-01-29 07:24:10.514069,selen_01,41.0082,28.9784,TR,iPhone 14,rock,0,0,16,4,False
2026-01-29 08:33:10.511079,selen_01,41.0082,28.9784,TR,iPhone 13,indie,0,0,24,5,False
2026-01-29 09:59:10.511079,selen_01,41.0082,28.9784,TR,MacBook Pro,rock,0,0,10,5,False
2026-01-29 10:59:10.511079,selen_01,41.0082,28.9784,TR,iPhone 14,pop,0,0,15,5,False
2026-01-29 11:25:10.511079,selen_01,41.0082,28.9784,TR,iPhone 13,electronic,0,0,17,4,False
2026-01-29 11:26:10.511079,selen_01,41.0082,28.9784,TR,iPhone 14,jazz,0,0,9,1,False
2026-01-29 11:26:10.511079,selen_01,41.0082,28.9784,TR,MacBook Pro,k-pop,0,0,21,1,False
2026-01-29 13:08:10.514069,selen_01,41.0082,28.9784,TR,iPhone 14,indie,0,0,25,2,False
2026-01-29 15:24:10.511079,selen_01,41.0082,28.9784,TR,iPhone 14,pop,0,0,22,5,False
2026-01-29 16:36:10.514069,selen_01,41.0082,28.9784,TR,iPhone 13,electronic,0,0,22,3,False
2026-01-29 16:47:10.511079,selen_01,41.0082,28.9784,TR,iPhone 14,pop,0,0,8,0,False
2026-01-29 18:33:10.511079,selen_01,41.0082,28.9784,TR,iPhone 13,indie,0,0,14,1,False
2026-01-29 18:48:10.511079,selen_01,41.0082,28.9784,TR,iPhone 14,pop,0,0,14,3,False
2026-01-29 20:58:10.511079,selen_01,41.0082,28.9784,TR,MacBook Pro,pop,0,0,16,2,False
2026-01-29 23:42:10.511079,selen_01,41.0082,28.9784,TR,iPhone 13,indie,0,0,9,3,False
2026-01-30 00:05:10.511079,selen_01,41.0082,28.9784,TR,iPhone 14,indie,0,0,23,2,False
2026-01-30 00:12:10.511079,selen_01,41.0082,28.9784,TR,iPhone 14,rock,0,0,20,4,False
2026-01-30 00:27:10.514069,selen_01,41.0082,28.9784,TR,iPhone 14,k-pop,0,0,17,1,False
2026-01-30 00:36:10.511079,selen_01,41.0082,28.9784,TR,MacBook Pro,pop,0,0,5,3,False
2026-01-30 00:59:10.511079,selen_01,41.0082,28.9784,TR,iPhone 13,k-pop,0,0,23,0,False
2026-01-30 01:20:10.514069,selen_01,41.0082,28.9784,TR,MacBook Pro,pop,0,0,15,4,False
2026-01-30 01:24:10.511079,selen_01,41.0082,28.9784,TR,iPhone 13,pop,0,0,18,3,False
2026-01-30 01:54:10.511079,selen_01,41.0082,28.9784,TR,MacBook Pro,pop,0,0,17,4,False
2026-01-30 02:26:10.511079,selen_01,41.0082,28.9784,TR,iPhone 14,rock,0,0,24,4,False
2026-01-30 03:13:10.511079,selen_01,41.0082,28.9784,TR,MacBook Pro,pop,0,0,24,4,False
2026-01-30 03:35:10.511079,selen_01,41.0082,28.9784,TR,iPhone 14,electronic,0,0,21,2,False
2026-01-30 05:40:10.511079,selen_01,41.0082,28.9784,TR,MacBook Pro,electronic,0,0,24,5,False
2026-01-30 06:55:10.511079,selen_01,41.0082,28.9784,TR,iPhone 13,pop,0,0,24,0,False
2026-01-30 07:04:10.511079,selen_01,41.0082,28.9784,TR,MacBook Pro,jazz,0,0,22,1,False
2026-01-30 07:08:10.511079,selen_01,41.0082,28.9784,TR,iPhone 14,jazz,0,0,22,3,False
2026-01-30 07:28:10.511079,selen_01,41.0082,28.9784,TR,MacBook Pro,jazz,0,0,6,0,False
2026-01-30 07:39:10.511079,selen_01,41.0082,28.9784,TR,iPhone 14,rock,0,0,9,0,False
2026-01-30 08:05:10.511079,selen_01,41.0082,28.9784,TR,iPhone 13,k-pop,0,0,10,4,False
2026-01-30 08:33:10.511079,selen_01,41.0082,28.9784,TR,iPhone 14,k-pop,0,0,5,2,False
2026-01-30 10:43:10.511079,selen_01,41.0082,28.9784,TR,iPhone 14,pop,0,0,21,1,False
2026-01-30 11:31:10.511079,selen_01,41.0082,28.9784,TR,MacBook Pro,jazz,0,0,10,0,False
2026-01-30 12:09:10.511079,selen_01,41.0082,28.9784,TR,MacBook Pro,pop,0,0,21,1,False
2026-01-30 12:39:10.511079,selen_01,41.0082,28.9784,TR,iPhone 13,electronic,0,0,8,5,False
2026-01-30 12:55:10.511079,selen_01,41.0082,28.9784,TR,iPhone 13,jazz,0,0,18,3,False
2026-01-30 14:06:10.511079,selen_01,41.0082,28.9784,TR,iPhone 13,k-pop,0,0,8,4,False
2026-01-30 14:25:10.511079,selen_01,41.0082,28.9784,TR,iPhone 14,pop,0,0,12,1,False
2026-01-30 14:46:10.511079,selen_01,41.0082,28.9784,TR,iPhone 13,electronic,0,0,19,4,False
2026-01-30 15:34:10.514069,selen_01,41.0082,28.9784,TR,iPhone 13,rock,0,0,18,5,False
2026-01-30 16:56:10.514069,selen_01,41.0082,28.9784,TR,iPhone 13,electronic,0,0,11,3,False
2026-01-30 16:59:10.511079,selen_01,41.0082,28.9784,TR,MacBook Pro,pop,0,0,8,2,False
2026-01-30 17:07:10.511079,selen_01,41.0082,28.9784,TR,MacBook Pro,rock,0,0,12,4,False
2026-01-30 17:18:10.511079,selen_01,41.0082,28.9784,TR,iPhone 14,rock,0,0,7,4,False
2026-01-30 18:00:10.514069,selen_01,41.0082,28.9784,TR,iPhone 13,k-pop,0,0,24,1,False
2026-01-30 18:44:10.511079,selen_01,41.0082,28.9784,TR,MacBook Pro,electronic,0,0,6,3,False
2026-01-30 19:02:10.511079,selen_01,41.0082,28.9784,TR,MacBook Pro,k-pop,0,0,16,3,False
2026-01-30 19:32:10.511079,selen_01,41.0082,28.9784,TR,MacBook Pro,k-pop,0,0,25,5,False
2026-01-30 20:24:10.511079,selen_01,41.0082,28.9784,TR,MacBook Pro,jazz,0,0,11,0,False
2026-01-30 21:22:10.511079,selen_01,41.0082,28.9784,TR,MacBook Pro,indie,0,0,13,0,False
2026-01-30 22:26:10.511079,selen_01,41.0082,28.9784,TR,iPhone 13,jazz,0,0,18,2,False
2026-01-30 23:25:10.511079,selen_01,41.0082,28.9784,TR,iPhone 13,electronic,0,0,6,2,False
2026-01-30 23:34:10.511079,selen_01,41.0082,28.9784,TR,MacBook Pro,pop,0,0,12,1,False
2026-01-31 01:01:10.511079,selen_01,41.0082,28.9784,TR,iPhone 14,indie,0,0,15,4,False
2026-01-31 01:32:10.511079,selen_01,41.0082,28.9784,TR,MacBook Pro,jazz,0,0,6,2,False
2026-01-31 02:02:10.511079,selen_01,41.0082,28.9784,TR,iPhone 14,jazz,0,0,19,2,False
2026-01-31 02:56:10.511079,selen_01,41.0082,28.9784,TR,MacBook Pro,jazz,0,0,8,3,False
2026-01-31 03:38:10.511079,selen_01,41.0082,28.9784,TR,MacBook Pro,jazz,0,0,15,1,False
2026-01-31 03:48:10.511079,selen_01,41.0082,28.9784,TR,iPhone 13,jazz,0,0,11,2,False
2026-01-31 04:51:10.511079,selen_01,41.0082,28.9784,TR,iPhone 14,indie,0,0,20,0,False
2026-01-31 05:46:10.514069,selen_01,41.0082,28.9784,TR,iPhone 14,indie,0,0,15,1,False
2026-01-31 06:43:10.511079,selen_01,41.0082,28.9784,TR,MacBook Pro,indie,0,0,24,0,False
2026-01-31 08:33:10.511079,selen_01,41.0082,28.9784,TR,iPhone 13,indie,0,0,8,0,False
2026-01-31 09:36:10.511079,selen_01,41.0082,28.9784,TR,iPhone 14,electronic,0,0,7,0,False
2026-01-31 12:18:10.511079,selen_01,41.0082,28.9784,TR,iPhone 13,rock,0,0,9,1,False
2026-01-31 13:20:10.511079,selen_01,41.0082,28.9784,TR,iPhone 14,jazz,0,0,19,0,False
2026-01-31 13:37:10.511079,selen_01,41.0082,28.9784,TR,iPhone 14,rock,0,0,16,0,False
2026-01-31 18:33:10.511079,selen_01,41.0082,28.9784,TR,iPhone 13,electronic,0,0,25,4,False
2026-01-31 18:40:10.511079,selen_01,41.0082,28.9784,TR,iPhone 13,jazz,0,0,18,4,False
2026-01-31 19:04:10.511079,selen_01,41.0082,28.9784,TR,MacBook Pro,pop,0,0,13,4,False
2026-01-31 19:33:10.511079,selen_01,41.0082,28.9784,TR,MacBook Pro,pop,0,0,20,3,False
2026-01-31 19:44:10.511079,selen_01,41.0082,28.9784,TR,iPhone 14,electronic,0,0,8,2,False
2026-01-31 20:01:10.511079,selen_01,41.0082,28.9784,TR,iPhone 13,electronic,0,0,20,0,False
2026-01-31 20:21:10.511079,selen_01,41.0082,28.9784,TR,MacBook Pro,k-pop,0,0,19,5,False
2026-01-31 20:31:10.511079,selen_01,41.0082,28.9784,TR,iPhone 13,indie,0,0,8,4,False
2026-01-31 21:23:10.511079,selen_01,41.0082,28.9784,TR,iPhone 13,jazz,0,0,21,0,False
2026-01-31 22:22:10.511079,selen_01,41.0082,28.9784,TR,MacBook Pro,k-pop,0,0,23,3,False
2026-01-31 23:33:10.511079,selen_01,41.0082,28.9784,TR,MacBook Pro,electronic,0,0,12,5,False
2026-02-01 00:02:10.511079,selen_01,41.0082,28.9784,TR,iPhone 14,indie,0,0,19,1,False
2026-02-01 00:03:10.514069,selen_01,41.0082,28.9784,TR,iPhone 14,pop,0,0,25,4,False
2026-02-01 00:09:10.511079,selen_01,41.0082,28.9784,TR,iPhone 13,indie,0,0,8,1,False
2026-02-01 00:21:10.511079,selen_01,41.0082,28.9784,TR,iPhone 13,indie,0,0,18,2,False
2026-02-01 00:32:10.511079,selen_01,41.0082,28.9784,TR,iPhone 14,indie,0,0,10,3,False
2026-02-01 00:47:10.511079,selen_01,41.0082,28.9784,TR,MacBook Pro,electronic,0,0,24,4,False
2026-02-01 01:50:10.511079,selen_01,41.0082,28.9784,TR,MacBook Pro,jazz,0,0,6,1,False
2026-02-01 02:00:10.511079,selen_01,41.0082,28.9784,TR,MacBook Pro,rock,0,0,10,1,False
2026-02-01 02:23:10.511079,selen_01,41.0082,28.9784,TR,iPhone 13,k-pop,0,0,14,5,False
2026-02-01 03:35:10.511079,selen_01,41.0082,28.9784,TR,iPhone 13,k-pop,0,0,7,2,False
2026-02-01 04:30:10.511079,selen_01,41.0082,28.9784,TR,iPhone 13,k-pop,0,0,18,5,False
2026-02-01 04:32:10.511079,selen_01,41.0082,28.9784,TR,MacBook Pro,jazz,0,0,22,3,False
2026-02-01 05:14:10.514069,selen_01,41.0082,28.9784,TR,iPhone 13,electronic,0,0,6,1,False
2026-02-01 05:22:10.511079,selen_01,41.0082,28.9784,TR,iPhone 13,pop,0,0,19,1,False
2026-02-01 06:43:10.514069,selen_01,41.0082,28.9784,TR,MacBook Pro,pop,0,0,12,2,False
2026-02-01 08:57:10.511079,selen_01,41.0082,28.9784,TR,MacBook Pro,k-pop,0,0,7,4,False
2026-02-01 09:15:10.511079,selen_01,41.0082,28.9784,TR,iPhone 14,rock,0,0,25,4,False
2026-02-01 09:20:10.511079,selen_01,41.0082,28.9784,TR,MacBook Pro,electronic,0,0,8,0,False
2026-02-01 13:09:10.511079,selen_01,41.0082,28.9784,TR,MacBook Pro,pop,0,0,7,2,False
2026-02-01 13:24:10.511079,selen_01,41.0082,28.9784,TR,MacBook Pro,indie,0,0,10,0,False
2026-02-01 14:11:10.514069,selen_01,41.0082,28.9784,TR,iPhone 13,electronic,0,0,16,5,False
2026-02-01 14:57:10.511079,selen_01,41.0082,28.9784,TR,iPhone 13,indie,0,0,15,5,False
2026-02-01 15:30:10.511079,selen_01,41.0082,28.9784,TR,MacBook Pro,indie,0,0,10,2,False
2026-02-01 15:32:10.511079,selen_01,41.0082,28.9784,TR,MacBook Pro,electronic,0,0,19,4,False
2026-02-01 15:34:10.511079,selen_01,41.0082,28.9784,TR,iPhone 14,rock,0,0,18,2,False
2026-02-01 15:47:10.511079,selen_01,41.0082,28.9784,TR,iPhone 14,pop,0,0,12,3,False
2026-02-01 17:03:10.511079,selen_01,41.0082,28.9784,TR,iPhone 14,jazz,0,0,21,4,False
2026-02-01 17:18:10.511079,selen_01,41.0082,28.9784,TR,iPhone 14,k-pop,0,0,19,5,False
2026-02-01 17:52:10.511079,selen_01,41.0082,28.9784,TR,iPhone 14,k-pop,0,0,13,1,False
2026-02-01 18:12:10.514069,selen_01,41.0082,28.9784,TR,iPhone 14,jazz,0,0,19,2,False
2026-02-01 19:24:10.511079,selen_01,41.0082,28.9784,TR,iPhone 14,pop,0,0,17,2,False
2026-02-01 19:34:10.514069,selen_01,41.0082,28.9784,TR,MacBook Pro,rock,0,0,5,1,False
2026-02-01 20:32:10.511079,selen_01,41.0082,28.9784,TR,iPhone 13,electronic,0,0,22,4,False
2026-02-01 21:05:10.511079,selen_01,41.0082,28.9784,TR,MacBook Pro,indie,0,0,20,4,False
2026-02-01 21:17:10.511079,selen_01,41.0082,28.9784,TR,MacBook Pro,pop,0,0,10,3,False
2026-02-01 21:34:10.511079,selen_01,41.0082,28.9784,TR,iPhone 13,rock,0,0,10,3,False
2026-02-01 21:35:10.511079,selen_01,41.0082,28.9784,TR,MacBook Pro,k-pop,0,0,7,5,False
2026-02-01 21:40:10.511079,selen_01,41.0082,28.9784,TR,iPhone 13,pop,0,0,14,0,False
2026-02-01 21:42:10.511079,selen_01,41.0082,28.9784,TR,iPhone 13,indie,0,0,20,5,False
2026-02-01 22:33:10.511079,selen_01,41.0082,28.9784,TR,iPhone 13,k-pop,0,0,17,5,False
2026-02-01 23:00:10.511079,selen_01,41.0082,28.9784,TR,MacBook Pro,electronic,0,0,19,4,False
2026-02-01 23:04:10.511079,selen_01,41.0082,28.9784,TR,iPhone 14,indie,0,0,13,3,False
2026-02-01 23:06:10.511079,selen_01,41.0082,28.9784,TR,iPhone 13,electronic,0,0,5,2,False
2026-02-02 00:06:10.514069,selen_01,41.0082,28.9784,TR,iPhone 13,pop,0,0,6,1,False
2026-02-02 00:15:10.514069,selen_01,41.0082,28.9784,TR,MacBook Pro,pop,0,0,25,3,False
2026-02-02 00:17:10.511079,selen_01,41.0082,28.9784,TR,MacBook Pro,rock,0,0,20,1,False
2026-02-02 00:28:10.511079,selen_01,41.0082,28.9784,TR,MacBook Pro,indie,0,0,12,5,False
2026-02-02 01:00:10.511079,selen_01,41.0082,28.9784,TR,iPhone 14,indie,0,0,12,0,False
2026-02-02 02:09:10.511079,selen_01,41.0082,28.9784,TR,iPhone 14,indie,0,0,15,3,False
2026-02-02 03:51:10.514069,selen_01,41.0082,28.9784,TR,iPhone 14,jazz,0,0,10,0,False
2026-02-02 06:48:10.511079,selen_01,41.0082,28.9784,TR,iPhone 13,k-pop,0,0,18,2,False
2026-02-02 06:48:10.511079,selen_01,41.0082,28.9784,TR,iPhone 13,indie,0,0,22,4,False
2026-02-02 07:09:10.511079,selen_01,41.0082,28.9784,TR,MacBook Pro,indie,0,0,12,5,False
2026-02-02 08:35:10.511079,selen_01,41.0082,28.9784,TR,MacBook Pro,pop,0,0,13,1,False
2026-02-02 10:13:10.511079,selen_01,41.0082,28.9784,TR,MacBook Pro,pop,0,0,16,4,False
2026-02-02 10:22:10.511079,selen_01,41.0082,28.9784,TR,MacBook Pro,indie,0,0,7,1,False
2026-02-02 10:43:10.511079,selen_01,41.0082,28.9784,TR,MacBook Pro,jazz,0,0,24,4,False
2026-02-02 11:05:10.511079,selen_01,41.0082,28.9784,TR,iPhone 13,indie,0,0,21,3,False
2026-02-02 12:18:10.511079,selen_01,41.0082,28.9784,TR,iPhone 14,pop,0,0,20,3,False
2026-02-02 12:22:10.511079,selen_01,41.0082,28.9784,TR,iPhone 13,k-pop,0,0,21,3,False
2026-02-02 12:29:10.514069,selen_01,41.0082,28.9784,TR,MacBook Pro,jazz,0,0,8,0,False
2026-02-02 12:45:10.511079,selen_01,41.0082,28.9784,TR,iPhone 14,rock,0,0,19,1,False
2026-02-02 14:08:10.511079,selen_01,41.0082,28.9784,TR,MacBook Pro,electronic,0,0,7,0,False
2026-02-02 14:19:10.511079,selen_01,41.0082,28.9784,TR,MacBook Pro,k-pop,0,0,7,3,False
2026-02-02 15:35:10.511079,selen_01,41.0082,28.9784,TR,iPhone 14,jazz,0,0,14,4,False
2026-02-02 15:54:10.511079,selen_01,41.0082,28.9784,TR,iPhone 13,k-pop,0,0,24,1,False
2026-02-02 17:07:10.511079,selen_01,41.0082,28.9784,TR,MacBook Pro,indie,0,0,17,4,False
2026-02-02 17:09:10.511079,selen_01,41.0082,28.9784,TR,iPhone 13,k-pop,0,0,19,3,False
2026-02-02 19:14:10.511079,selen_01,41.0082,28.9784,TR,iPhone 14,pop,0,0,23,5,False
2026-02-02 19:27:10.514069,selen_01,41.0082,28.9784,TR,MacBook Pro,electronic,0,0,25,3,False
2026-02-02 21:03:10.514069,selen_01,41.0082,28.9784,TR,iPhone 13,indie,0,0,21,3,False
2026-02-02 21:18:10.511079,selen_01,41.0082,28.9784,TR,MacBook Pro,pop,0,0,17,0,False
2026-02-02 21:27:10.511079,selen_01,41.0082,28.9784,TR,iPhone 14,rock,0,0,19,3,False
2026-02-02 22:09:10.511079,selen_01,41.0082,28.9784,TR,iPhone 13,k-pop,0,0,24,5,False
2026-02-03 00:54:10.511079,selen_01,41.0082,28.9784,TR,iPhone 13,electronic,0,0,5,1,False
2026-02-03 01:04:10.511079,selen_01,41.0082,28.9784,TR,iPhone 14,indie,0,0,11,5,False
2026-02-03 03:14:10.511079,selen_01,41.0082,28.9784,TR,iPhone 14,pop,0,0,17,2,False
2026-02-03 03:15:10.511079,selen_01,41.0082,28.9784,TR,iPhone 13,indie,0,0,12,2,False
2026-02-03 03:41:10.511079,selen_01,41.0082,28.9784,TR,iPhone 14,k-pop,0,0,24,4,False
2026-02-03 05:07:10.511079,selen_01,41.0082,28.9784,TR,MacBook Pro,indie,0,0,5,0,False
2026-02-03 06:00:10.514069,selen_01,41.0082,28.9784,TR,iPhone 13,k-pop,0,0,9,0,False
2026-02-03 08:45:10.511079,selen_01,41.0082,28.9784,TR,MacBook Pro,pop,0,0,14,4,False
2026-02-03 10:24:10.511079,selen_01,41.0082,28.9784,TR,MacBook Pro,rock,0,0,24,2,False
2026-02-03 11:08:10.511079,selen_01,41.0082,28.9784,TR,MacBook Pro,electronic,0,0,16,0,False
2026-02-03 12:55:10.511079,selen_01,41.0082,28.9784,TR,MacBook Pro,k-pop,0,0,25,0,False
2026-02-03 13:19:10.511079,selen_01,41.0082,28.9784,TR,iPhone 13,electronic,0,0,19,4,False
2026-02-03 15:48:10.511079,selen_01,41.0082,28.9784,TR,MacBook Pro,rock,0,0,25,2,False
2026-02-03 16:54:10.511079,selen_01,41.0082,28.9784,TR,MacBook Pro,electronic,0,0,19,4,False
2026-02-03 17:15:10.514069,selen_01,41.0082,28.9784,TR,iPhone 14,pop,0,0,5,1,False
2026-02-03 17:31:10.514069,selen_01,41.0082,28.9784,TR,MacBook Pro,pop,0,0,23,3,False
2026-02-03 18:27:10.511079,selen_01,41.0082,28.9784,TR,MacBook Pro,indie,0,0,6,0,False
2026-02-03 20:00:10.511079,selen_01,41.0082,28.9784,TR,iPhone 13,jazz,0,0,25,3,False
2026-02-03 20:28:10.511079,selen_01,41.0082,28.9784,TR,iPhone 14,jazz,0,0,14,2,False
2026-02-04 00:15:10.511079,selen_01,41.0082,28.9784,TR,MacBook Pro,electronic,0,0,12,1,False
2026-02-04 01:21:10.514069,selen_01,41.0082,28.9784,TR,iPhone 14,electronic,0,0,16,1,False
2026-02-04 02:37:10.511079,selen_01,41.0082,28.9784,TR,iPhone 14,rock,0,0,17,4,False
2026-02-04 05:09:10.514069,selen_01,41.0082,28.9784,TR,iPhone 13,rock,0,0,12,0,False
2026-02-04 07:02:10.511079,selen_01,41.0082,28.9784,TR,iPhone 14,pop,0,0,18,0,False
2026-02-04 07:05:10.511079,selen_01,41.0082,28.9784,TR,MacBook Pro,indie,0,0,9,5,False
2026-02-04 09:03:10.511079,selen_01,41.0082,28.9784,TR,MacBook Pro,rock,0,0,13,2,False
2026-02-04 09:57:10.514069,selen_01,41.0082,28.9784,TR,iPhone 13,pop,0,0,12,0,False
2026-02-04 10:21:10.511079,selen_01,41.0082,28.9784,TR,iPhone 14,indie,0,0,13,0,False
2026-02-04 11:12:10.511079,selen_01,41.0082,28.9784,TR,iPhone 14,indie,0,0,25,1,False
2026-02-04 11:26:10.511079,selen_01,41.0082,28.9784,TR,iPhone 14,k-pop,0,0,16,1,False
2026-02-04 12:01:10.511079,selen_01,41.0082,28.9784,TR,iPhone 14,rock,0,0,14,0,False
2026-02-04 13:42:10.511079,selen_01,41.0082,28.9784,TR,iPhone 14,k-pop,0,0,17,4,False
2026-02-04 15:29:10.511079,selen_01,41.0082,28.9784,TR,iPhone 14,pop,0,0,22,1,False
2026-02-04 16:02:10.511079,selen_01,41.0082,28.9784,TR,iPhone 13,rock,0,0,25,1,False
2026-02-04 16:40:10.511079,selen_01,41.0082,28.9784,TR,iPhone 13,indie,0,0,10,4,False
2026-02-04 17:17:10.511079,selen_01,41.0082,28.9784,TR,iPhone 13,indie,0,0,14,4,False
2026-02-04 17:30:10.514069,selen_01,41.0082,28.9784,TR,iPhone 13,pop,0,0,11,1,False
2026-02-04 18:11:10.514069,selen_01,41.0082,28.9784,TR,iPhone 14,electronic,0,0,23,3,False
2026-02-04 19:07:10.511079,selen_01,41.0082,28.9784,TR,MacBook Pro,indie,0,0,17,5,False
2026-02-04 20:07:10.511079,selen_01,41.0082,28.9784,TR,MacBook Pro,indie,0,0,22,5,False
2026-02-04 21:45:10.511079,selen_01,41.0082,28.9784,TR,iPhone 14,rock,0,0,9,2,False
2026-02-04 22:07:10.511079,selen_01,41.0082,28.9784,TR,iPhone 14,rock,0,0,24,3,False
2026-02-04 22:42:10.511079,selen_01,41.0082,28.9784,TR,iPhone 14,k-pop,0,0,9,2,False
2026-02-05 01:13:10.514069,selen_01,41.0082,28.9784,TR,iPhone 14,jazz,0,0,18,4,False
2026-02-05 01:22:10.511079,selen_01,41.0082,28.9784,TR,MacBook Pro,electronic,0,0,16,3,False
2026-02-05 01:27:10.511079,selen_01,41.0082,28.9784,TR,iPhone 13,rock,0,0,16,4,False
2026-02-05 01:41:10.511079,selen_01,41.0082,28.9784,TR,MacBook Pro,k-pop,0,0,12,2,False
2026-02-05 02:12:10.511079,selen_01,41.0082,28.9784,TR,iPhone 14,indie,0,0,19,2,False
2026-02-05 04:07:10.514069,selen_01,41.0082,28.9784,TR,iPhone 13,rock,0,0,10,3,False
2026-02-05 04:24:10.511079,selen_01,41.0082,28.9784,TR,iPhone 14,indie,0,0,7,3,False
2026-02-05 05:28:10.511079,selen_01,41.0082,28.9784,TR,MacBook Pro,indie,0,0,11,5,False
2026-02-05 08:14:10.511079,selen_01,41.0082,28.9784,TR,MacBook Pro,indie,0,0,9,2,False
2026-02-05 08:31:10.511079,selen_01,41.0082,28.9784,TR,iPhone 14,pop,0,0,9,4,False
2026-02-05 09:22:10.511079,selen_01,41.0082,28.9784,TR,iPhone 14,electronic,0,0,11,1,False
2026-02-05 09:30:10.514069,selen_01,41.0082,28.9784,TR,iPhone 13,jazz,0,0,12,5,False
2026-02-05 11:03:10.511079,selen_01,41.0082,28.9784,TR,iPhone 13,pop,0,0,17,4,False
2026-02-05 11:45:10.511079,selen_01,41.0082,28.9784,TR,MacBook Pro,electronic,0,0,13,5,False
2026-02-05 13:25:10.511079,selen_01,41.0082,28.9784,TR,MacBook Pro,pop,0,0,6,3,False
2026-02-05 13:45:10.514069,selen_01,41.0082,28.9784,TR,iPhone 14,indie,0,0,21,4,False
2026-02-05 14:07:10.511079,selen_01,41.0082,28.9784,TR,iPhone 14,pop,0,0,25,1,False
2026-02-05 14:26:10.511079,selen_01,41.0082,28.9784,TR,iPhone 13,jazz,0,0,21,3,False
2026-02-05 14:58:10.511079,selen_01,41.0082,28.9784,TR,iPhone 13,rock,0,0,20,0,False
2026-02-05 15:57:10.511079,selen_01,41.0082,28.9784,TR,iPhone 13,pop,0,0,25,0,False
2026-02-05 16:16:10.511079,selen_01,41.0082,28.9784,TR,iPhone 14,rock,0,0,6,0,False
2026-02-05 17:27:10.511079,selen_01,41.0082,28.9784,TR,iPhone 14,jazz,0,0,12,2,False
2026-02-05 19:11:10.511079,selen_01,41.0082,28.9784,TR,MacBook Pro,pop,0,0,17,0,False
2026-02-05 19:13:10.511079,selen_01,41.0082,28.9784,TR,iPhone 13,jazz,0,0,8,5,False
2026-02-05 19:21:10.514069,selen_01,41.0082,28.9784,TR,MacBook Pro,indie,0,0,18,2,False
2026-02-05 20:38:10.511079,selen_01,41.0082,28.9784,TR,iPhone 14,k-pop,0,0,18,5,False
2026-02-05 20:50:10.511079,selen_01,41.0082,28.9784,TR,iPhone 13,electronic,0,0,8,5,False
2026-02-05 21:00:10.511079,selen_01,41.0082,28.9784,TR,MacBook Pro,indie,0,0,10,3,False
2026-02-05 21:48:10.514069,selen_01,41.0082,28.9784,TR,iPhone 13,electronic,0,0,7,0,False
2026-02-05 22:28:10.511079,selen_01,41.0082,28.9784,TR,MacBook Pro,jazz,0,0,19,0,False
2026-02-06 00:20:10.511079,selen_01,41.0082,28.9784,TR,iPhone 14,pop,0,0,12,0,False
2026-02-06 01:28:10.511079,selen_01,41.0082,28.9784,TR,iPhone 13,pop,0,0,15,0,False
2026-02-06 02:45:10.511079,selen_01,41.0082,28.9784,TR,MacBook Pro,rock,0,0,16,0,False
2026-02-06 02:46:10.511079,selen_01,41.0082,28.9784,TR,MacBook Pro,indie,0,0,12,5,False
2026-02-06 05:39:10.514069,selen_01,41.0082,28.9784,TR,iPhone 13,pop,0,0,12,5,False
2026-02-06 06:22:10.511079,selen_01,41.0082,28.9784,TR,iPhone 14,jazz,0,0,23,5,False
2026-02-06 06:48:10.511079,selen_01,41.0082,28.9784,TR,iPhone 14,pop,0,0,24,4,False
2026-02-06 08:19:10.511079,selen_01,41.0082,28.9784,TR,iPhone 14,pop,0,0,23,1,False
2026-02-06 09:29:10.511079,selen_01,41.0082,28.9784,TR,iPhone 13,k-pop,0,0,13,1,False
2026-02-06 09:47:10.514069,selen_01,41.0082,28.9784,TR,MacBook Pro,indie,0,0,16,4,False
2026-02-06 10:30:10.511079,selen_01,41.0082,28.9784,TR,iPhone 14,rock,0,0,16,4,False
2026-02-06 10:51:10.511079,selen_01,41.0082,28.9784,TR,iPhone 14,rock,0,0,14,5,False
2026-02-06 10:54:10.514069,selen_01,41.0082,28.9784,TR,iPhone 13,jazz,0,0,20,2,False
2026-02-06 12:15:10.511079,selen_01,41.0082,28.9784,TR,MacBook Pro,electronic,0,0,12,3,False
2026-02-06 14:04:10.511079,selen_01,41.0082,28.9784,TR,MacBook Pro,electronic,0,0,22,2,False
2026-02-06 14:28:10.511079,selen_01,41.0082,28.9784,TR,iPhone 14,rock,0,0,9,1,False
2026-02-06 14:49:10.514069,selen_01,41.0082,28.9784,TR,iPhone 14,rock,0,0,6,1,False
2026-02-06 15:27:10.511079,selen_01,41.0082,28.9784,TR,iPhone 14,pop,0,0,13,3,False
2026-02-06 17:50:10.511079,selen_01,41.0082,28.9784,TR,MacBook Pro,k-pop,0,0,22,1,False
2026-02-06 18:27:10.511079,selen_01,41.0082,28.9784,TR,iPhone 13,electronic,0,0,8,3,False
2026-02-06 18:48:10.511079,selen_01,41.0082,28.9784,TR,iPhone 13,electronic,0,0,17,2,False
2026-02-06 19:49:10.511079,selen_01,41.0082,28.9784,TR,iPhone 14,rock,0,0,25,5,False
2026-02-06 20:47:10.511079,selen_01,41.0082,28.9784,TR,MacBook Pro,rock,0,0,22,2,False
2026-02-06 22:01:10.511079,selen_01,41.0082,28.9784,TR,MacBook Pro,electronic,0,0,19,4,False
2026-02-06 22:03:10.511079,selen_01,41.0082,28.9784,TR,iPhone 14,jazz,0,0,7,1,False
2026-02-06 22:12:10.511079,selen_01,41.0082,28.9784,TR,iPhone 13,pop,0,0,6,2,False
2026-02-06 23:58:10.511079,selen_01,41.0082,28.9784,TR,MacBook Pro,pop,0,0,16,4,False
2026-02-07 00:29:10.511079,selen_01,41.0082,28.9784,TR,iPhone 13,jazz,0,0,20,2,False
2026-02-07 00:53:10.511079,selen_01,41.0082,28.9784,TR,iPhone 13,pop,0,0,12,5,False
2026-02-07 02:00:10.511079,selen_01,41.0082,28.9784,TR,iPhone 13,pop,0,0,11,2,False
2026-02-07 02:20:10.511079,selen_01,41.0082,28.9784,TR,iPhone 13,jazz,0,0,25,3,False
2026-02-07 03:05:10.514069,selen_01,41.0082,28.9784,TR,MacBook Pro,indie,0,0,25,2,False
2026-02-07 03:24:10.511079,selen_01,41.0082,28.9784,TR,MacBook Pro,k-pop,0,0,18,3,False
2026-02-07 07:18:10.511079,selen_01,41.0082,28.9784,TR,iPhone 14,k-pop,0,0,24,4,False
2026-02-07 07:45:10.514069,selen_01,41.0082,28.9784,TR,iPhone 13,jazz,0,0,5,0,False
2026-02-07 08:05:10.511079,selen_01,41.0082,28.9784,TR,iPhone 14,indie,0,0,15,0,False
2026-02-07 09:56:10.514069,selen_01,41.0082,28.9784,TR,MacBook Pro,jazz,0,0,7,2,False
2026-02-07 09:56:10.514069,selen_01,41.0082,28.9784,TR,MacBook Pro,rock,0,0,10,5,False
2026-02-07 10:01:10.511079,selen_01,41.0082,28.9784,TR,iPhone 13,rock,0,0,21,4,False
2026-02-07 10:07:10.514069,selen_01,41.0082,28.9784,TR,iPhone 13,pop,0,0,7,1,False
2026-02-07 12:15:10.511079,selen_01,41.0082,28.9784,TR,iPhone 14,k-pop,0,0,19,2,False
2026-02-07 13:06:10.511079,selen_01,41.0082,28.9784,TR,MacBook Pro,indie,0,0,12,0,False
2026-02-07 13:32:10.511079,selen_01,41.0082,28.9784,TR,iPhone 13,jazz,0,0,19,4,False
2026-02-07 15:06:10.511079,selen_01,41.0082,28.9784,TR,MacBook Pro,k-pop,0,0,21,0,False
2026-02-07 15:07:10.514069,selen_01,41.0082,28.9784,TR,iPhone 13,indie,0,0,23,0,False
2026-02-07 16:10:10.511079,selen_01,41.0082,28.9784,TR,MacBook Pro,electronic,0,0,11,1,False
2026-02-07 16:17:10.511079,selen_01,41.0082,28.9784,TR,MacBook Pro,indie,0,0,17,2,False
2026-02-07 16:52:10.514069,selen_01,41.0082,28.9784,TR,iPhone 13,jazz,0,0,22,3,False
2026-02-07 17:05:10.514069,selen_01,41.0082,28.9784,TR,iPhone 13,k-pop,0,0,7,2,False
2026-02-07 17:32:10.511079,selen_01,41.0082,28.9784,TR,iPhone 14,k-pop,0,0,25,2,False
2026-02-07 19:01:10.511079,selen_01,41.0082,28.9784,TR,MacBook Pro,jazz,0,0,25,0,False
2026-02-07 19:24:10.511079,selen_01,41.0082,28.9784,TR,iPhone 14,pop,0,0,16,3,False
2026-02-07 20:38:10.511079,selen_01,41.0082,28.9784,TR,iPhone 14,jazz,0,0,24,4,False
2026-02-07 20:55:10.511079,selen_01,41.0082,28.9784,TR,MacBook Pro,electronic,0,0,17,3,False
2026-02-07 21:41:10.514069,selen_01,41.0082,28.9784,TR,MacBook Pro,electronic,0,0,24,5,False
2026-02-08 00:05:10.511079,selen_01,41.0082,28.9784,TR,iPhone 13,pop,0,0,24,5,False
2026-02-08 00:12:10.511079,selen_01,41.0082,28.9784,TR,iPhone 14,indie,0,0,22,0,False
2026-02-08 01:25:10.511079,selen_01,41.0082,28.9784,TR,iPhone 13,pop,0,0,15,1,False
2026-02-08 01:32:10.511079,selen_01,41.0082,28.9784,TR,iPhone 14,electronic,0,0,5,3,False
2026-02-08 02:04:10.511079,selen_01,41.0082,28.9784,TR,iPhone 14,electronic,0,0,20,1,False
2026-02-08 03:02:10.511079,selen_01,41.0082,28.9784,TR,iPhone 13,pop,0,0,22,2,False
2026-02-08 03:21:10.511079,selen_01,41.0082,28.9784,TR,iPhone 14,pop,0,0,14,1,False
2026-02-08 04:14:10.514069,selen_01,41.0082,28.9784,TR,iPhone 14,k-pop,0,0,24,4,False
2026-02-08 05:09:10.511079,selen_01,41.0082,28.9784,TR,iPhone 14,indie,0,0,21,2,False
2026-02-08 05:10:10.511079,selen_01,41.0082,28.9784,TR,MacBook Pro,pop,0,0,21,1,False
2026-02-08 05:50:10.514069,selen_01,41.0082,28.9784,TR,iPhone 14,jazz,0,0,25,2,False
2026-02-08 06:18:10.511079,selen_01,41.0082,28.9784,TR,MacBook Pro,electronic,0,0,25,1,False
2026-02-08 07:18:10.511079,selen_01,41.0082,28.9784,TR,MacBook Pro,indie,0,0,19,3,False
2026-02-08 07:26:10.511079,selen_01,41.0082,28.9784,TR,MacBook Pro,pop,0,0,23,0,False
2026-02-08 07:39:10.511079,selen_01,41.0082,28.9784,TR,iPhone 14,k-pop,0,0,7,3,False
2026-02-08 07:41:10.511079,selen_01,41.0082,28.9784,TR,MacBook Pro,k-pop,0,0,18,4,False
2026-02-08 07:49:10.511079,selen_01,41.0082,28.9784,TR,iPhone 13,pop,0,0,5,5,False
2026-02-08 08:04:10.511079,selen_01,41.0082,28.9784,TR,iPhone 14,k-pop,0,0,19,4,False
2026-02-08 08:09:10.511079,selen_01,41.0082,28.9784,TR,MacBook Pro,indie,0,0,12,2,False
2026-02-08 08:17:10.511079,selen_01,41.0082,28.9784,TR,iPhone 14,jazz,0,0,21,3,False
2026-02-08 08:58:10.511079,selen_01,41.0082,28.9784,TR,iPhone 13,jazz,0,0,16,1,False
2026-02-08 09:00:10.514069,selen_01,41.0082,28.9784,TR,iPhone 14,k-pop,0,0,18,1,False
2026-02-08 09:03:10.511079,selen_01,41.0082,28.9784,TR,iPhone 13,pop,0,0,12,4,False
2026-02-08 09:37:10.514069,selen_01,41.0082,28.9784,TR,iPhone 14,jazz,0,0,8,1,False
2026-02-08 09:39:10.511079,selen_01,41.0082,28.9784,TR,MacBook Pro,rock,0,0,6,1,False
2026-02-08 10:26:10.511079,selen_01,41.0082,28.9784,TR,MacBook Pro,rock,0,0,10,2,False
2026-02-08 10:54:10.514069,selen_01,41.0082,28.9784,TR,iPhone 14,k-pop,0,0,8,0,False
2026-02-08 12:10:10.514069,selen_01,41.0082,28.9784,TR,iPhone 14,jazz,0,0,8,3,False
2026-02-08 12:24:10.511079,selen_01,41.0082,28.9784,TR,iPhone 14,electronic,0,0,15,5,False
2026-02-08 14:46:10.511079,selen_01,41.0082,28.9784,TR,iPhone 13,k-pop,0,0,13,3,False
2026-02-08 16:20:10.511079,selen_01,41.0082,28.9784,TR,MacBook Pro,jazz,0,0,21,3,False
2026-02-08 16:33:10.511079,selen_01,41.0082,28.9784,TR,iPhone 13,rock,0,0,18,1,False
2026-02-08 17:09:10.511079,selen_01,41.0082,28.9784,TR,iPhone 14,indie,0,0,25,0,False
2026-02-08 17:18:10.511079,selen_01,41.0082,28.9784,TR,iPhone 13,jazz,0,0,7,3,False
2026-02-08 17:35:10.511079,selen_01,41.0082,28.9784,TR,MacBook Pro,pop,0,0,16,3,False
2026-02-08 18:06:10.511079,selen_01,41.0082,28.9784,TR,MacBook Pro,indie,0,0,19,0,False
2026-02-08 18:54:10.511079,selen_01,41.0082,28.9784,TR,iPhone 13,k-pop,0,0,15,3,False
2026-02-08 19:05:10.511079,selen_01,41.0082,28.9784,TR,MacBook Pro,k-pop,0,0,20,2,False
2026-02-08 19:34:10.511079,selen_01,41.0082,28.9784,TR,iPhone 14,pop,0,0,5,3,False
2026-02-08 19:38:10.511079,selen_01,41.0082,28.9784,TR,iPhone 13,electronic,0,0,5,2,False
2026-02-08 20:34:10.511079,selen_01,41.0082,28.9784,TR,iPhone 14,k-pop,0,0,25,1,False
2026-02-08 21:54:10.511079,selen_01,41.0082,28.9784,TR,MacBook Pro,indie,0,0,24,1,False
2026-02-08 22:00:10.511079,selen_01,41.0082,28.9784,TR,iPhone 14,indie,0,0,17,5,False
2026-02-08 23:03:10.511079,selen_01,41.0082,28.9784,TR,iPhone 14,rock,0,0,13,4,False
2026-02-08 23:59:10.511079,selen_01,41.0082,28.9784,TR,iPhone 14,k-pop,0,0,19,0,False
2026-02-09 00:18:10.514069,selen_01,41.0082,28.9784,TR,iPhone 13,electronic,0,0,9,5,False
2026-02-09 01:08:10.514069,selen_01,41.0082,28.9784,TR,MacBook Pro,jazz,0,0,24,3,False
2026-02-09 01:32:10.514069,selen_01,41.0082,28.9784,TR,iPhone 13,indie,0,0,13,0,False
2026-02-09 01:40:10.511079,selen_01,41.0082,28.9784,TR,iPhone 14,rock,0,0,12,1,False
2026-02-09 02:17:10.514069,selen_01,41.0082,28.9784,TR,iPhone 14,electronic,0,0,17,3,False
2026-02-09 02:20:10.511079,selen_01,41.0082,28.9784,TR,iPhone 14,electronic,0,0,24,5,False
2026-02-09 02:21:10.511079,selen_01,41.0082,28.9784,TR,MacBook Pro,k-pop,0,0,11,3,False
2026-02-09 02:35:10.511079,selen_01,41.0082,28.9784,TR,MacBook Pro,indie,0,0,5,5,False
2026-02-09 04:35:10.511079,selen_01,41.0082,28.9784,TR,iPhone 13,electronic,0,0,13,2,False
2026-02-09 05:18:10.514069,selen_01,41.0082,28.9784,TR,iPhone 14,pop,0,0,9,1,False
2026-02-09 07:18:10.514069,selen_01,41.0082,28.9784,TR,iPhone 13,jazz,0,0,22,1,False
2026-02-09 07:54:10.511079,selen_01,41.0082,28.9784,TR,MacBook Pro,k-pop,0,0,19,0,False
2026-02-09 09:23:10.511079,selen_01,41.0082,28.9784,TR,iPhone 14,k-pop,0,0,17,2,False
2026-02-09 09:24:10.511079,selen_01,41.0082,28.9784,TR,iPhone 13,electronic,0,0,20,0,False
2026-02-09 09:34:10.511079,selen_01,41.0082,28.9784,TR,iPhone 13,jazz,0,0,22,1,False
2026-02-09 10:10:10.511079,selen_01,41.0082,28.9784,TR,MacBook Pro,rock,0,0,7,4,False
2026-02-09 10:34:10.511079,selen_01,41.0082,28.9784,TR,iPhone 13,k-pop,0,0,11,5,False
2026-02-09 11:19:10.511079,selen_01,41.0082,28.9784,TR,iPhone 14,k-pop,0,0,18,4,False
2026-02-09 11:33:10.511079,selen_01,41.0082,28.9784,TR,MacBook Pro,electronic,0,0,13,4,False
2026-02-09 11:51:10.511079,selen_01,41.0082,28.9784,TR,iPhone 14,pop,0,0,8,1,False
2026-02-09 12:45:10.511079,selen_01,41.0082,28.9784,TR,iPhone 13,k-pop,0,0,5,5,False
2026-02-09 15:18:10.511079,selen_01,41.0082,28.9784,TR,iPhone 13,k-pop,0,0,21,1,False
2026-02-09 15:28:10.511079,selen_01,41.0082,28.9784,TR,MacBook Pro,jazz,0,0,25,0,False
2026-02-09 16:07:10.511079,selen_01,41.0082,28.9784,TR,iPhone 14,pop,0,0,16,1,False
2026-02-09 16:13:10.514069,selen_01,41.0082,28.9784,TR,iPhone 14,electronic,0,0,20,5,False
2026-02-09 16:25:10.511079,selen_01,41.0082,28.9784,TR,iPhone 14,pop,0,0,7,3,False
2026-02-09 17:14:10.511079,selen_01,41.0082,28.9784,TR,MacBook Pro,electronic,0,0,15,3,False
2026-02-09 18:12:10.511079,selen_01,41.0082,28.9784,TR,MacBook Pro,electronic,0,0,12,0,False
2026-02-09 18:16:10.511079,selen_01,41.0082,28.9784,TR,MacBook Pro,jazz,0,0,17,1,False
2026-02-09 18:28:10.511079,selen_01,41.0082,28.9784,TR,iPhone 13,k-pop,0,0,9,0,False
2026-02-09 21:57:10.511079,selen_01,41.0082,28.9784,TR,iPhone 13,pop,0,0,23,3,False
2026-02-09 22:17:10.511079,selen_01,41.0082,28.9784,TR,MacBook Pro,pop,0,0,14,4,False
2026-02-09 22:25:10.511079,selen_01,41.0082,28.9784,TR,iPhone 14,pop,0,0,22,2,False
2026-02-09 22:35:10.511079,selen_01,41.0082,28.9784,TR,iPhone 13,electronic,0,0,15,2,False
2026-02-09 22:55:10.511079,selen_01,41.0082,28.9784,TR,iPhone 13,k-pop,0,0,23,1,False
2026-02-09 22:57:10.511079,selen_01,41.0082,28.9784,TR,iPhone 14,indie,0,0,8,3,False
2026-02-09 23:07:10.511079,selen_01,41.0082,28.9784,TR,iPhone 13,jazz,0,0,20,3,False
2026-02-10 00:58:10.511079,selen_01,41.0082,28.9784,TR,iPhone 14,k-pop,0,0,15,1,False
2026-02-10 01:17:10.511079,selen_01,41.0082,28.9784,TR,MacBook Pro,jazz,0,0,20,4,False
2026-02-10 01:41:10.511079,selen_01,41.0082,28.9784,TR,MacBook Pro,pop,0,0,19,3,False
2026-02-10 03:42:10.514069,selen_01,41.0082,28.9784,TR,MacBook Pro,k-pop,0,0,5,2,False
2026-02-10 04:11:10.511079,selen_01,41.0082,28.9784,TR,MacBook Pro,indie,0,0,17,1,False
2026-02-10 04:52:10.511079,selen_01,41.0082,28.9784,TR,iPhone 14,pop,0,0,23,2,False
2026-02-10 05:40:10.511079,selen_01,41.0082,28.9784,TR,iPhone 13,indie,0,0,9,5,False
2026-02-10 05:40:10.511079,selen_01,41.0082,28.9784,TR,MacBook Pro,jazz,0,0,11,3,False
2026-02-10 06:15:10.511079,selen_01,41.0082,28.9784,TR,iPhone 13,pop,0,0,15,5,False
2026-02-10 06:36:10.511079,selen_01,41.0082,28.9784,TR,MacBook Pro,electronic,0,0,21,1,False
2026-02-10 06:41:10.514069,selen_01,41.0082,28.9784,TR,iPhone 14,indie,0,0,10,0,False
2026-02-10 09:37:10.511079,selen_01,41.0082,28.9784,TR,iPhone 13,k-pop,0,0,6,2,False
2026-02-10 09:43:10.511079,selen_01,41.0082,28.9784,TR,iPhone 13,indie,0,0,16,2,False
2026-02-10 11:46:10.511079,selen_01,41.0082,28.9784,TR,iPhone 14,electronic,0,0,13,1,False
2026-02-10 12:54:10.511079,selen_01,41.0082,28.9784,TR,MacBook Pro,pop,0,0,7,5,False
2026-02-10 12:58:10.511079,selen_01,41.0082,28.9784,TR,iPhone 13,electronic,0,0,15,2,False
2026-02-10 13:03:10.511079,selen_01,41.0082,28.9784,TR,MacBook Pro,jazz,0,0,15,1,False
2026-02-10 13:36:10.511079,selen_01,41.0082,28.9784,TR,iPhone 13,electronic,0,0,8,1,False
2026-02-10 13:38:10.511079,selen_01,41.0082,28.9784,TR,MacBook Pro,indie,0,0,10,3,False
2026-02-10 13:41:10.511079,selen_01,41.0082,28.9784,TR,MacBook Pro,k-pop,0,0,25,0,False
2026-02-10 15:27:10.511079,selen_01,41.0082,28.9784,TR,iPhone 14,rock,0,0,23,0,False
2026-02-10 15:39:10.511079,selen_01,41.0082,28.9784,TR,iPhone 14,jazz,0,0,20,2,False
2026-02-10 16:09:10.511079,selen_01,41.0082,28.9784,TR,MacBook Pro,pop,0,0,19,2,False
2026-02-10 16:56:10.511079,selen_01,41.0082,28.9784,TR,MacBook Pro,electronic,0,0,19,1,False
2026-02-10 17:13:10.511079,selen_01,41.0082,28.9784,TR,MacBook Pro,pop,0,0,18,4,False
2026-02-10 17:36:10.511079,selen_01,41.0082,28.9784,TR,iPhone 14,pop,0,0,5,0,False
2026-02-10 18:02:10.511079,selen_01,41.0082,28.9784,TR,iPhone 13,electronic,0,0,8,4,False
2026-02-10 18:15:10.511079,selen_01,41.0082,28.9784,TR,iPhone 14,jazz,0,0,12,2,False
2026-02-10 18:36:10.511079,selen_01,41.0082,28.9784,TR,iPhone 13,pop,0,0,16,4,False
2026-02-10 19:32:10.511079,selen_01,41.0082,28.9784,TR,iPhone 13,rock,0,0,9,2,False
2026-02-10 21:22:10.511079,selen_01,41.0082,28.9784,TR,iPhone 14,electronic,0,0,25,4,False
2026-02-10 22:01:10.514069,selen_01,41.0082,28.9784,TR,MacBook Pro,pop,0,0,12,2,False
2026-02-10 22:33:10.511079,selen_01,41.0082,28.9784,TR,MacBook Pro,jazz,0,0,17,5,False
2026-02-10 23:04:10.511079,selen_01,41.0082,28.9784,TR,iPhone 13,pop,0,0,17,0,False
2026-02-10 23:15:10.511079,selen_01,41.0082,28.9784,TR,MacBook Pro,k-pop,0,0,24,3,False
2026-02-10 23:37:10.511079,selen_01,41.0082,28.9784,TR,iPhone 14,rock,0,0,11,1,False
2026-02-11 00:07:10.511079,selen_01,41.0082,28.9784,TR,iPhone 14,electronic,0,0,25,5,False
2026-02-11 01:12:10.511079,selen_01,41.0082,28.9784,TR,MacBook Pro,k-pop,0,0,19,5,False
2026-02-11 01:12:10.511079,selen_01,41.0082,28.9784,TR,MacBook Pro,jazz,0,0,17,5,False
2026-02-11 01:44:10.511079,selen_01,41.0082,28.9784,TR,iPhone 13,electronic,0,0,20,2,False
2026-02-11 02:01:10.511079,selen_01,41.0082,28.9784,TR,iPhone 13,k-pop,0,0,11,1,False
2026-02-11 02:15:10.511079,selen_01,41.0082,28.9784,TR,iPhone 13,indie,0,0,10,0,False
2026-02-11 02:59:10.511079,selen_01,41.0082,28.9784,TR,MacBook Pro,k-pop,0,0,15,5,False
2026-02-11 03:33:10.511079,selen_01,41.0082,28.9784,TR,iPhone 13,pop,0,0,13,3,False
2026-02-11 05:19:10.511079,selen_01,41.0082,28.9784,TR,MacBook Pro,indie,0,0,25,5,False
2026-02-11 06:08:10.511079,selen_01,41.0082,28.9784,TR,MacBook Pro,pop,0,0,10,5,False
2026-02-11 06:14:10.514069,selen_01,41.0082,28.9784,TR,MacBook Pro,jazz,0,0,12,5,False
2026-02-11 06:52:10.511079,selen_01,41.0082,28.9784,TR,MacBook Pro,pop,0,0,6,0,False
2026-02-11 06:53:10.511079,selen_01,41.0082,28.9784,TR,iPhone 14,jazz,0,0,22,2,False
2026-02-11 06:55:10.514069,selen_01,41.0082,28.9784,TR,MacBook Pro,electronic,0,0,23,1,False
2026-02-11 07:44:10.511079,selen_01,41.0082,28.9784,TR,MacBook Pro,pop,0,0,22,0,False
2026-02-11 09:11:10.511079,selen_01,41.0082,28.9784,TR,iPhone 13,pop,0,0,18,1,False
2026-02-11 09:30:10.511079,selen_01,41.0082,28.9784,TR,iPhone 13,indie,0,0,11,5,False
2026-02-11 10:06:10.511079,selen_01,41.0082,28.9784,TR,MacBook Pro,rock,0,0,13,1,False
2026-02-11 10:13:10.514069,selen_01,41.0082,28.9784,TR,iPhone 14,k-pop,0,0,25,0,False
2026-02-11 10:53:10.511079,selen_01,41.0082,28.9784,TR,MacBook Pro,pop,0,0,22,4,False
2026-02-11 13:40:10.511079,selen_01,41.0082,28.9784,TR,iPhone 13,jazz,0,0,7,5,False
2026-02-11 14:49:10.511079,selen_01,41.0082,28.9784,TR,iPhone 13,k-pop,0,0,9,4,False
2026-02-11 15:37:10.511079,selen_01,41.0082,28.9784,TR,iPhone 14,electronic,0,0,18,4,False
2026-02-11 15:41:10.511079,selen_01,41.0082,28.9784,TR,MacBook Pro,electronic,0,0,13,2,False
2026-02-11 15:49:10.511079,selen_01,41.0082,28.9784,TR,MacBook Pro,pop,0,0,14,3,False
2026-02-11 16:52:10.511079,selen_01,41.0082,28.9784,TR,iPhone 13,pop,0,0,14,3,False
2026-02-11 17:38:10.511079,selen_01,41.0082,28.9784,TR,MacBook Pro,electronic,0,0,6,2,False
2026-02-11 18:01:10.514069,selen_01,41.0082,28.9784,TR,iPhone 13,k-pop,0,0,13,2,False
2026-02-11 18:58:10.511079,selen_01,41.0082,28.9784,TR,iPhone 14,indie,0,0,13,4,False
2026-02-11 19:10:10.511079,selen_01,41.0082,28.9784,TR,iPhone 13,jazz,0,0,24,0,False
2026-02-11 23:31:10.511079,selen_01,41.0082,28.9784,TR,iPhone 14,rock,0,0,13,0,False
2026-02-12 00:14:10.511079,selen_01,41.0082,28.9784,TR,MacBook Pro,electronic,0,0,19,0,False
2026-02-12 01:17:10.511079,selen_01,41.0082,28.9784,TR,iPhone 13,rock,0,0,22,4,False
2026-02-12 01:23:10.511079,selen_01,41.0082,28.9784,TR,iPhone 13,pop,0,0,5,2,False
2026-02-12 02:15:10.511079,selen_01,41.0082,28.9784,TR,MacBook Pro,k-pop,0,0,8,1,False
2026-02-12 02:34:10.511079,selen_01,41.0082,28.9784,TR,iPhone 13,rock,0,0,8,0,False
2026-02-12 02:37:10.511079,selen_01,41.0082,28.9784,TR,iPhone 13,indie,0,0,14,1,False
2026-02-12 02:51:10.511079,selen_01,41.0082,28.9784,TR,MacBook Pro,rock,0,0,8,3,False
2026-02-12 03:01:10.511079,selen_01,41.0082,28.9784,TR,MacBook Pro,electronic,0,0,9,3,False
2026-02-12 04:58:10.511079,selen_01,41.0082,28.9784,TR,iPhone 14,k-pop,0,0,10,0,False
2026-02-12 05:58:10.514069,selen_01,41.0082,28.9784,TR,iPhone 13,indie,0,0,17,4,False
2026-02-12 06:45:10.511079,selen_01,41.0082,28.9784,TR,iPhone 13,k-pop,0,0,24,4,False
2026-02-12 07:01:10.511079,selen_01,41.0082,28.9784,TR,MacBook Pro,rock,0,0,13,1,False
2026-02-12 08:07:10.511079,selen_01,41.0082,28.9784,TR,MacBook Pro,pop,0,0,19,4,False
2026-02-12 08:38:10.511079,selen_01,41.0082,28.9784,TR,MacBook Pro,jazz,0,0,16,0,False
2026-02-12 08:53:10.511079,selen_01,41.0082,28.9784,TR,iPhone 14,k-pop,0,0,17,1,False
2026-02-12 09:45:10.514069,selen_01,41.0082,28.9784,TR,iPhone 14,rock,0,0,17,5,False
2026-02-12 10:00:10.511079,selen_01,41.0082,28.9784,TR,MacBook Pro,jazz,0,0,13,4,False
2026-02-12 11:36:10.511079,selen_01,41.0082,28.9784,TR,iPhone 14,jazz,0,0,15,4,False
2026-02-12 12:08:10.511079,selen_01,41.0082,28.9784,TR,MacBook Pro,rock,0,0,8,2,False
2026-02-12 12:10:10.511079,selen_01,41.0082,28.9784,TR,iPhone 13,rock,0,0,25,2,False
2026-02-12 13:23:10.514069,selen_01,41.0082,28.9784,TR,iPhone 14,rock,0,0,14,3,False
2026-02-12 13:34:10.511079,selen_01,41.0082,28.9784,TR,MacBook Pro,jazz,0,0,10,0,False
2026-02-12 13:35:10.511079,selen_01,41.0082,28.9784,TR,iPhone 13,jazz,0,0,13,5,False
2026-02-12 13:45:10.511079,selen_01,41.0082,28.9784,TR,iPhone 14,pop,0,0,23,1,False
2026-02-12 14:13:10.514069,selen_01,41.0082,28.9784,TR,iPhone 13,indie,0,0,14,2,False
2026-02-12 14:26:10.511079,selen_01,41.0082,28.9784,TR,iPhone 13,rock,0,0,6,4,False
2026-02-12 15:03:10.511079,selen_01,41.0082,28.9784,TR,iPhone 13,rock,0,0,25,5,False
2026-02-12 15:09:10.511079,selen_01,41.0082,28.9784,TR,MacBook Pro,k-pop,0,0,21,3,False
2026-02-12 16:03:10.511079,selen_01,41.0082,28.9784,TR,iPhone 14,electronic,0,0,23,5,False
2026-02-12 16:10:10.514069,selen_01,41.0082,28.9784,TR,MacBook Pro,jazz,0,0,24,4,False
2026-02-12 16:25:10.511079,selen_01,41.0082,28.9784,TR,iPhone 14,electronic,0,0,17,3,False
2026-02-12 17:23:10.514069,selen_01,41.0082,28.9784,TR,iPhone 13,electronic,0,0,23,5,False
2026-02-12 17:28:10.511079,selen_01,41.0082,28.9784,TR,iPhone 14,k-pop,0,0,23,5,False
2026-02-12 18:10:10.511079,selen_01,41.0082,28.9784,TR,iPhone 14,electronic,0,0,16,0,False
2026-02-12 18:19:10.511079,selen_01,41.0082,28.9784,TR,iPhone 14,electronic,0,0,15,1,False
2026-02-12 18:51:10.511079,selen_01,41.0082,28.9784,TR,MacBook Pro,indie,0,0,9,5,False
2026-02-12 19:00:10.511079,selen_01,41.0082,28.9784,TR,iPhone 14,k-pop,0,0,19,4,False
2026-02-12 20:42:10.514069,selen_01,41.0082,28.9784,TR,iPhone 14,jazz,0,0,14,1,False
2026-02-12 21:31:10.511079,selen_01,41.0082,28.9784,TR,iPhone 14,electronic,0,0,13,0,False
2026-02-12 21:32:10.511079,selen_01,41.0082,28.9784,TR,MacBook Pro,jazz,0,0,10,4,False
2026-02-12 22:33:10.511079,selen_01,41.0082,28.9784,TR,iPhone 13,rock,0,0,14,1,False
2026-02-12 22:36:10.511079,selen_01,41.0082,28.9784,TR,iPhone 14,electronic,0,0,25,2,False
2026-02-12 23:35:10.511079,selen_01,41.0082,28.9784,TR,MacBook Pro,indie,0,0,8,5,False
2026-02-12 23:49:10.511079,selen_01,41.0082,28.9784,TR,iPhone 14,jazz,0,0,25,1,False
2026-02-13 02:40:10.511079,selen_01,41.0082,28.9784,TR,MacBook Pro,k-pop,0,0,7,4,False
2026-02-13 02:49:10.511079,selen_01,41.0082,28.9784,TR,iPhone 14,electronic,0,0,12,1,False
2026-02-13 02:52:10.511079,selen_01,41.0082,28.9784,TR,iPhone 14,electronic,0,0,15,1,False
2026-02-13 03:00:10.511079,selen_01,41.0082,28.9784,TR,MacBook Pro,electronic,0,0,12,1,False
2026-02-13 04:57:10.514069,selen_01,41.0082,28.9784,TR,iPhone 14,jazz,0,0,18,1,False
2026-02-13 05:24:10.511079,selen_01,41.0082,28.9784,TR,MacBook Pro,electronic,0,0,22,2,False
2026-02-13 05:38:10.511079,selen_01,41.0082,28.9784,TR,iPhone 14,indie,0,0,24,1,False
2026-02-13 08:07:10.511079,selen_01,41.0082,28.9784,TR,iPhone 13,jazz,0,0,11,1,False
2026-02-13 12:10:10.511079,selen_01,41.0082,28.9784,TR,MacBook Pro,pop,0,0,16,2,False
2026-02-13 12:21:10.511079,selen_01,41.0082,28.9784,TR,iPhone 14,k-pop,0,0,23,5,False
2026-02-13 12:34:10.514069,selen_01,41.0082,28.9784,TR,MacBook Pro,rock,0,0,20,1,False
2026-02-13 12:44:10.511079,selen_01,41.0082,28.9784,TR,MacBook Pro,k-pop,0,0,12,0,False
2026-02-13 14:21:10.511079,selen_01,41.0082,28.9784,TR,iPhone 14,k-pop,0,0,14,0,False
2026-02-13 15:44:10.511079,selen_01,41.0082,28.9784,TR,iPhone 14,pop,0,0,23,5,False
2026-02-13 16:19:10.511079,selen_01,41.0082,28.9784,TR,MacBook Pro,indie,0,0,12,3,False
2026-02-13 16:27:10.511079,selen_01,41.0082,28.9784,TR,MacBook Pro,indie,0,0,12,3,False
2026-02-13 16:43:10.511079,selen_01,41.0082,28.9784,TR,iPhone 14,pop,0,0,25,2,False
2026-02-13 17:02:10.511079,selen_01,41.0082,28.9784,TR,iPhone 14,k-pop,0,0,14,0,False
2026-02-13 17:07:10.511079,selen_01,41.0082,28.9784,TR,MacBook Pro,pop,0,0,18,0,False
2026-02-13 17:12:10.514069,selen_01,41.0082,28.9784,TR,MacBook Pro,pop,0,0,5,4,False
2026-02-13 17:29:10.511079,selen_01,41.0082,28.9784,TR,MacBook Pro,indie,0,0,7,3,False
2026-02-13 18:17:10.511079,selen_01,41.0082,28.9784,TR,iPhone 14,k-pop,0,0,8,3,False
2026-02-13 18:18:10.511079,selen_01,41.0082,28.9784,TR,MacBook Pro,jazz,0,0,20,4,False
2026-02-13 18:23:10.511079,selen_01,41.0082,28.9784,TR,MacBook Pro,electronic,0,0,13,0,False
2026-02-13 18:27:10.511079,selen_01,41.0082,28.9784,TR,iPhone 13,indie,0,0,10,4,False
2026-02-13 18:56:10.511079,selen_01,41.0082,28.9784,TR,iPhone 14,jazz,0,0,8,2,False
2026-02-13 20:48:10.511079,selen_01,41.0082,28.9784,TR,MacBook Pro,pop,0,0,17,2,False
2026-02-13 20:49:10.511079,selen_01,41.0082,28.9784,TR,MacBook Pro,pop,0,0,19,0,False
2026-02-13 21:12:10.511079,selen_01,41.0082,28.9784,TR,MacBook Pro,rock,0,0,18,4,False
2026-02-13 21:35:10.511079,selen_01,41.0082,28.9784,TR,iPhone 14,pop,0,0,11,4,False
2026-02-13 21:50:10.511079,selen_01,41.0082,28.9784,TR,MacBook Pro,pop,0,0,6,0,False
2026-02-13 22:12:10.514069,selen_01,41.0082,28.9784,TR,iPhone 13,electronic,0,0,15,5,False
2026-02-14 01:50:10.511079,selen_01,41.0082,28.9784,TR,MacBook Pro,k-pop,0,0,10,5,False
2026-02-14 02:05:10.511079,selen_01,41.0082,28.9784,TR,iPhone 14,electronic,0,0,22,3,False
2026-02-14 03:17:10.511079,selen_01,41.0082,28.9784,TR,MacBook Pro,jazz,0,0,9,1,False
2026-02-14 04:37:10.511079,selen_01,41.0082,28.9784,TR,iPhone 14,rock,0,0,19,3,False
2026-02-14 05:23:10.511079,selen_01,41.0082,28.9784,TR,iPhone 13,k-pop,0,0,6,0,False
2026-02-14 05:26:10.511079,selen_01,41.0082,28.9784,TR,iPhone 14,indie,0,0,8,1,False
2026-02-14 06:27:10.514069,selen_01,41.0082,28.9784,TR,MacBook Pro,rock,0,0,22,2,False
2026-02-14 08:06:10.511079,selen_01,41.0082,28.9784,TR,iPhone 14,rock,0,0,7,1,False
2026-02-14 08:13:10.514069,selen_01,41.0082,28.9784,TR,iPhone 14,electronic,0,0,25,3,False
2026-02-14 09:25:10.514069,selen_01,41.0082,28.9784,TR,MacBook Pro,electronic,0,0,6,0,False
2026-02-14 10:35:10.511079,selen_01,41.0082,28.9784,TR,MacBook Pro,indie,0,0,19,5,False
2026-02-14 10:47:10.511079,selen_01,41.0082,28.9784,TR,iPhone 13,k-pop,0,0,21,2,False
2026-02-14 11:24:10.511079,selen_01,41.0082,28.9784,TR,iPhone 14,pop,0,0,22,1,False
2026-02-14 11:32:10.511079,selen_01,41.0082,28.9784,TR,iPhone 13,rock,0,0,12,5,False
2026-02-14 11:38:10.514069,selen_01,41.0082,28.9784,TR,iPhone 14,electronic,0,0,16,4,False
2026-02-14 13:15:10.511079,selen_01,41.0082,28.9784,TR,iPhone 13,k-pop,0,0,9,4,False
2026-02-14 14:09:10.511079,selen_01,41.0082,28.9784,TR,iPhone 14,k-pop,0,0,14,3,False
2026-02-14 16:14:10.511079,selen_01,41.0082,28.9784,TR,MacBook Pro,k-pop,0,0,23,3,False
2026-02-14 16:42:10.511079,selen_01,41.0082,28.9784,TR,iPhone 13,k-pop,0,0,24,1,False
2026-02-14 17:19:10.511079,selen_01,41.0082,28.9784,TR,MacBook Pro,rock,0,0,23,4,False
2026-02-14 17:43:10.514069,selen_01,41.0082,28.9784,TR,iPhone 13,electronic,0,0,9,1,False
2026-02-14 17:58:10.511079,selen_01,41.0082,28.9784,TR,iPhone 14,pop,0,0,9,5,False
2026-02-14 19:22:10.511079,selen_01,41.0082,28.9784,TR,iPhone 14,electronic,0,0,7,2,False
2026-02-14 20:31:10.511079,selen_01,41.0082,28.9784,TR,MacBook Pro,pop,0,0,17,3,False
2026-02-14 21:01:10.511079,selen_01,41.0082,28.9784,TR,iPhone 14,indie,0,0,9,1,False
2026-02-14 21:29:10.511079,selen_01,41.0082,28.9784,TR,iPhone 13,electronic,0,0,25,4,False
2026-02-14 21:43:10.511079,selen_01,41.0082,28.9784,TR,iPhone 13,indie,0,0,12,2,False
2026-02-14 21:51:10.514069,selen_01,41.0082,28.9784,TR,iPhone 13,jazz,0,0,18,1,False
2026-02-14 22:04:10.511079,selen_01,41.0082,28.9784,TR,MacBook Pro,electronic,0,0,7,5,False
2026-02-14 22:04:10.511079,selen_01,41.0082,28.9784,TR,iPhone 14,electronic,0,0,6,5,False
2026-02-14 22:19:10.514069,selen_01,41.0082,28.9784,TR,iPhone 14,indie,0,0,19,2,False
2026-02-15 00:50:10.511079,selen_01,41.0082,28.9784,TR,iPhone 13,jazz,0,0,19,2,False
2026-02-15 01:33:10.511079,selen_01,41.0082,28.9784,TR,iPhone 14,jazz,0,0,13,2,False
2026-02-15 02:02:10.511079,selen_01,41.0082,28.9784,TR,MacBook Pro,electronic,0,0,6,2,False
2026-02-15 02:33:10.511079,selen_01,41.0082,28.9784,TR,MacBook Pro,pop,0,0,8,0,False
2026-02-15 03:05:10.511079,selen_01,41.0082,28.9784,TR,iPhone 13,rock,0,0,9,1,False
2026-02-15 04:15:10.511079,selen_01,41.0082,28.9784,TR,iPhone 13,rock,0,0,16,1,False
2026-02-15 04:26:10.514069,selen_01,41.0082,28.9784,TR,iPhone 14,electronic,0,0,20,3,False
2026-02-15 05:18:10.511079,selen_01,41.0082,28.9784,TR,iPhone 13,jazz,0,0,8,5,False
2026-02-15 05:45:10.511079,selen_01,41.0082,28.9784,TR,MacBook Pro,k-pop,0,0,22,2,False
2026-02-15 05:45:10.511079,selen_01,41.0082,28.9784,TR,MacBook Pro,rock,0,0,9,2,False
2026-02-15 05:48:10.511079,selen_01,41.0082,28.9784,TR,iPhone 13,k-pop,0,0,17,4,False
2026-02-15 05:50:10.511079,selen_01,41.0082,28.9784,TR,iPhone 13,k-pop,0,0,21,3,False
2026-02-15 06:30:10.511079,selen_01,41.0082,28.9784,TR,iPhone 13,jazz,0,0,15,4,False
2026-02-15 10:29:10.511079,selen_01,41.0082,28.9784,TR,iPhone 14,jazz,0,0,6,0,False
2026-02-15 12:25:10.511079,selen_01,41.0082,28.9784,TR,iPhone 13,k-pop,0,0,18,4,False
2026-02-15 12:41:10.511079,selen_01,41.0082,28.9784,TR,iPhone 14,jazz,0,0,19,3,False
2026-02-15 13:28:10.511079,selen_01,41.0082,28.9784,TR,iPhone 13,electronic,0,0,16,5,False
2026-02-15 13:57:10.511079,selen_01,41.0082,28.9784,TR,MacBook Pro,electronic,0,0,8,0,False
2026-02-15 14:01:10.511079,selen_01,41.0082,28.9784,TR,iPhone 13,k-pop,0,0,7,1,False
2026-02-15 14:01:10.511079,selen_01,41.0082,28.9784,TR,MacBook Pro,jazz,0,0,14,4,False
2026-02-15 14:52:10.511079,selen_01,41.0082,28.9784,TR,iPhone 13,rock,0,0,11,0,False
2026-02-15 15:34:10.511079,selen_01,41.0082,28.9784,TR,iPhone 14,electronic,0,0,19,1,False
2026-02-15 16:07:10.511079,selen_01,41.0082,28.9784,TR,iPhone 14,jazz,0,0,11,5,False
2026-02-15 16:54:10.511079,selen_01,41.0082,28.9784,TR,iPhone 13,rock,0,0,16,5,False
2026-02-15 17:08:10.511079,selen_01,41.0082,28.9784,TR,iPhone 14,electronic,0,0,9,3,False
2026-02-15 17:25:10.511079,selen_01,41.0082,28.9784,TR,iPhone 14,pop,0,0,18,1,False
2026-02-15 18:14:10.511079,selen_01,41.0082,28.9784,TR,iPhone 14,indie,0,0,11,4,False
2026-02-15 18:22:10.511079,selen_01,41.0082,28.9784,TR,MacBook Pro,k-pop,0,0,21,3,False
2026-02-15 18:26:10.511079,selen_01,41.0082,28.9784,TR,iPhone 14,k-pop,0,0,23,3,False
2026-02-15 18:59:10.511079,selen_01,41.0082,28.9784,TR,iPhone 14,rock,0,0,18,2,False
2026-02-15 19:24:10.511079,selen_01,41.0082,28.9784,TR,MacBook Pro,electronic,0,0,20,4,False
2026-02-15 19:42:10.511079,selen_01,41.0082,28.9784,TR,iPhone 14,k-pop,0,0,16,0,False
2026-02-15 20:13:10.511079,selen_01,41.0082,28.9784,TR,iPhone 14,k-pop,0,0,7,4,False
2026-02-15 21:11:10.511079,selen_01,41.0082,28.9784,TR,iPhone 14,indie,0,0,8,1,False
2026-02-15 21:35:10.511079,selen_01,41.0082,28.9784,TR,iPhone 13,jazz,0,0,15,5,False
2026-02-15 22:19:10.514069,selen_01,41.0082,28.9784,TR,iPhone 13,indie,0,0,19,3,False
2026-02-15 22:34:10.514069,selen_01,41.0082,28.9784,TR,iPhone 13,pop,0,0,24,4,False
2026-02-15 23:48:10.511079,selen_01,41.0082,28.9784,TR,iPhone 13,jazz,0,0,16,4,False
2026-02-16 01:45:10.511079,selen_01,41.0082,28.9784,TR,iPhone 13,rock,0,0,12,2,False
2026-02-16 02:04:10.511079,selen_01,41.0082,28.9784,TR,MacBook Pro,indie,0,0,5,1,False
2026-02-16 03:32:10.511079,selen_01,41.0082,28.9784,TR,iPhone 14,k-pop,0,0,16,4,False
2026-02-16 04:10:10.511079,selen_01,41.0082,28.9784,TR,iPhone 14,pop,0,0,18,0,False
2026-02-16 04:38:10.511079,selen_01,41.0082,28.9784,TR,iPhone 13,electronic,0,0,15,3,False
2026-02-16 05:01:10.511079,selen_01,41.0082,28.9784,TR,iPhone 13,pop,0,0,16,2,False
2026-02-16 06:48:10.511079,selen_01,41.0082,28.9784,TR,iPhone 13,jazz,0,0,6,1,False
2026-02-16 08:24:10.511079,selen_01,41.0082,28.9784,TR,iPhone 14,electronic,0,0,22,5,False
2026-02-16 08:51:10.511079,selen_01,41.0082,28.9784,TR,iPhone 14,jazz,0,0,23,1,False
2026-02-16 09:58:10.514069,selen_01,41.0082,28.9784,TR,iPhone 13,indie,0,0,11,2,False
2026-02-16 10:20:10.511079,selen_01,41.0082,28.9784,TR,MacBook Pro,k-pop,0,0,17,1,False
2026-02-16 10:30:10.511079,selen_01,41.0082,28.9784,TR,iPhone 13,jazz,0,0,9,3,False
2026-02-16 10:34:10.511079,selen_01,41.0082,28.9784,TR,iPhone 13,rock,0,0,21,1,False
2026-02-16 10:49:10.511079,selen_01,41.0082,28.9784,TR,iPhone 14,pop,0,0,5,3,False
2026-02-16 11:11:10.511079,selen_01,41.0082,28.9784,TR,iPhone 13,indie,0,0,20,4,False
2026-02-16 11:19:10.511079,selen_01,41.0082,28.9784,TR,iPhone 13,indie,0,0,11,0,False
2026-02-16 11:31:10.511079,selen_01,41.0082,28.9784,TR,MacBook Pro,k-pop,0,0,14,4,False
2026-02-16 12:09:10.511079,selen_01,41.0082,28.9784,TR,MacBook Pro,jazz,0,0,16,0,False
2026-02-16 12:40:10.511079,selen_01,41.0082,28.9784,TR,MacBook Pro,indie,0,0,10,0,False
2026-02-16 12:45:10.511079,selen_01,41.0082,28.9784,TR,MacBook Pro,k-pop,0,0,12,2,False
2026-02-16 13:13:10.511079,selen_01,41.0082,28.9784,TR,MacBook Pro,pop,0,0,17,0,False
2026-02-16 13:35:10.511079,selen_01,41.0082,28.9784,TR,iPhone 13,indie,0,0,23,3,False
2026-02-16 15:06:10.511079,selen_01,41.0082,28.9784,TR,MacBook Pro,indie,0,0,19,2,False
2026-02-16 15:41:10.511079,selen_01,41.0082,28.9784,TR,iPhone 14,electronic,0,0,21,4,False
2026-02-16 15:42:10.511079,selen_01,41.0082,28.9784,TR,iPhone 13,pop,0,0,13,3,False
2026-02-16 18:08:10.511079,selen_01,41.0082,28.9784,TR,iPhone 14,rock,0,0,20,1,False
2026-02-16 19:25:10.511079,selen_01,41.0082,28.9784,TR,iPhone 14,indie,0,0,15,0,False
2026-02-16 22:57:10.511079,selen_01,41.0082,28.9784,TR,iPhone 13,k-pop,0,0,12,5,False
2026-02-16 23:42:10.511079,selen_01,41.0082,28.9784,TR,iPhone 13,indie,0,0,23,3,False
2026-02-17 00:13:10.511079,selen_01,41.0082,28.9784,TR,iPhone 14,k-pop,0,0,16,2,False
2026-02-17 01:07:10.511079,selen_01,41.0082,28.9784,TR,iPhone 13,jazz,0,0,22,0,False
2026-02-17 01:32:10.511079,selen_01,41.0082,28.9784,TR,iPhone 13,k-pop,0,0,19,2,False
2026-02-17 03:41:10.511079,selen_01,41.0082,28.9784,TR,iPhone 13,electronic,0,0,18,1,False
2026-02-17 05:53:10.511079,selen_01,41.0082,28.9784,TR,iPhone 14,indie,0,0,12,5,False
2026-02-17 06:33:10.511079,selen_01,41.0082,28.9784,TR,MacBook Pro,k-pop,0,0,13,4,False
2026-02-17 07:37:10.514069,selen_01,41.0082,28.9784,TR,iPhone 14,pop,0,0,17,5,False
2026-02-17 10:06:10.511079,selen_01,41.0082,28.9784,TR,MacBook Pro,k-pop,0,0,9,0,False
2026-02-17 11:29:10.511079,selen_01,41.0082,28.9784,TR,iPhone 14,rock,0,0,13,2,False
2026-02-17 12:11:10.511079,selen_01,41.0082,28.9784,TR,iPhone 13,rock,0,0,25,5,False
2026-02-17 16:34:10.514069,selen_01,41.0082,28.9784,TR,MacBook Pro,indie,0,0,6,4,False
2026-02-17 17:51:10.511079,selen_01,41.0082,28.9784,TR,iPhone 14,k-pop,0,0,17,0,False
2026-02-17 18:14:10.511079,selen_01,41.0082,28.9784,TR,iPhone 13,rock,0,0,9,1,False
2026-02-17 18:59:10.511079,selen_01,41.0082,28.9784,TR,iPhone 13,k-pop,0,0,14,1,False
2026-02-17 19:59:10.514069,selen_01,41.0082,28.9784,TR,iPhone 14,jazz,0,0,10,2,False
2026-02-17 21:18:10.514069,selen_01,41.0082,28.9784,TR,MacBook Pro,electronic,0,0,10,3,False
2026-02-17 23:16:10.511079,selen_01,41.0082,28.9784,TR,iPhone 14,k-pop,0,0,16,1,False
2026-02-17 23:31:10.511079,selen_01,41.0082,28.9784,TR,iPhone 14,pop,0,0,7,2,False
2026-02-18 03:19:10.511079,selen_01,41.0082,28.9784,TR,iPhone 14,k-pop,0,0,20,1,False
2026-02-18 03:46:10.511079,selen_01,41.0082,28.9784,TR,iPhone 14,indie,0,0,14,2,False
2026-02-18 04:26:10.511079,selen_01,41.0082,28.9784,TR,iPhone 13,k-pop,0,0,21,4,False
2026-02-18 05:22:10.514069,selen_01,41.0082,28.9784,TR,iPhone 13,indie,0,0,7,1,False
2026-02-18 07:24:10.511079,selen_01,41.0082,28.9784,TR,MacBook Pro,rock,0,0,14,5,False
2026-02-18 08:47:10.511079,selen_01,41.0082,28.9784,TR,iPhone 13,jazz,0,0,14,1,False
2026-02-18 09:23:10.511079,selen_01,41.0082,28.9784,TR,iPhone 14,jazz,0,0,15,4,False
2026-02-18 10:03:10.511079,selen_01,41.0082,28.9784,TR,iPhone 13,indie,0,0,5,3,False
2026-02-18 10:04:10.514069,selen_01,41.0082,28.9784,TR,iPhone 13,jazz,0,0,17,4,False
2026-02-18 12:18:10.511079,selen_01,41.0082,28.9784,TR,MacBook Pro,indie,0,0,8,5,False
2026-02-18 12:39:10.511079,selen_01,41.0082,28.9784,TR,MacBook Pro,k-pop,0,0,6,4,False
2026-02-18 13:44:10.511079,selen_01,41.0082,28.9784,TR,iPhone 13,rock,0,0,6,5,False
2026-02-18 14:46:10.511079,selen_01,41.0082,28.9784,TR,iPhone 14,rock,0,0,19,1,False
2026-02-18 15:29:10.511079,selen_01,41.0082,28.9784,TR,iPhone 14,k-pop,0,0,11,4,False
2026-02-18 17:16:10.511079,selen_01,41.0082,28.9784,TR,iPhone 14,electronic,0,0,23,4,False
2026-02-18 17:32:10.511079,selen_01,41.0082,28.9784,TR,MacBook Pro,rock,0,0,20,5,False
2026-02-18 17:38:10.511079,selen_01,41.0082,28.9784,TR,iPhone 13,k-pop,0,0,20,1,False
2026-02-18 17:52:10.511079,selen_01,41.0082,28.9784,TR,MacBook Pro,pop,0,0,17,3,False
2026-02-18 17:56:10.511079,selen_01,41.0082,28.9784,TR,MacBook Pro,jazz,0,0,21,0,False
2026-02-18 21:00:10.511079,selen_01,41.0082,28.9784,TR,MacBook Pro,pop,0,0,21,4,False
2026-02-19 00:08:10.511079,selen_01,41.0082,28.9784,TR,iPhone 13,electronic,0,0,7,1,False
2026-02-19 00:15:10.511079,selen_01,41.0082,28.9784,TR,iPhone 13,jazz,0,0,14,2,False
2026-02-19 01:00:10.511079,selen_01,41.0082,28.9784,TR,iPhone 13,indie,0,0,20,1,False
2026-02-19 01:29:10.511079,selen_01,41.0082,28.9784,TR,iPhone 13,jazz,0,0,22,3,False
2026-02-19 04:30:10.511079,selen_01,41.0082,28.9784,TR,iPhone 14,k-pop,0,0,22,5,False
2026-02-19 06:11:10.511079,selen_01,41.0082,28.9784,TR,iPhone 14,pop,0,0,13,1,False
2026-02-19 06:36:10.511079,selen_01,41.0082,28.9784,TR,iPhone 14,pop,0,0,18,0,False
2026-02-19 07:18:10.511079,selen_01,41.0082,28.9784,TR,MacBook Pro,jazz,0,0,11,2,False
2026-02-19 08:45:10.511079,selen_01,41.0082,28.9784,TR,iPhone 13,electronic,0,0,14,2,False
2026-02-19 10:23:10.511079,selen_01,41.0082,28.9784,TR,MacBook Pro,k-pop,0,0,16,2,False
2026-02-19 11:36:10.511079,selen_01,41.0082,28.9784,TR,iPhone 13,indie,0,0,23,5,False
2026-02-19 12:06:10.511079,selen_01,41.0082,28.9784,TR,iPhone 14,k-pop,0,0,21,3,False
2026-02-19 14:22:10.511079,selen_01,41.0082,28.9784,TR,iPhone 13,jazz,0,0,18,4,False
2026-02-19 17:43:10.511079,selen_01,41.0082,28.9784,TR,iPhone 14,electronic,0,0,15,5,False
2026-02-19 18:42:10.511079,selen_01,41.0082,28.9784,TR,iPhone 13,rock,0,0,15,3,False
2026-02-19 18:55:10.511079,selen_01,41.0082,28.9784,TR,iPhone 14,electronic,0,0,21,4,False
2026-02-19 19:27:10.511079,selen_01,41.0082,28.9784,TR,iPhone 13,jazz,0,0,12,0,False
2026-02-19 20:25:10.511079,selen_01,41.0082,28.9784,TR,iPhone 14,k-pop,0,0,12,3,False
2026-02-19 22:18:10.511079,selen_01,41.0082,28.9784,TR,MacBook Pro,indie,0,0,14,2,False
2026-02-19 23:09:10.511079,selen_01,41.0082,28.9784,TR,iPhone 14,k-pop,0,0,18,1,False
2026-02-19 23:22:10.514069,selen_01,41.0082,28.9784,TR,MacBook Pro,electronic,0,0,16,4,False
2026-02-20 00:20:10.514069,selen_01,41.0082,28.9784,TR,MacBook Pro,electronic,0,0,23,1,False
2026-02-20 01:06:10.511079,selen_01,41.0082,28.9784,TR,iPhone 14,pop,0,0,8,2,False
2026-02-20 01:11:10.511079,selen_01,41.0082,28.9784,TR,iPhone 14,k-pop,0,0,18,1,False
2026-02-20 01:29:10.511079,selen_01,41.0082,28.9784,TR,MacBook Pro,rock,0,0,9,2,False
2026-02-20 01:37:10.511079,selen_01,41.0082,28.9784,TR,iPhone 13,pop,0,0,18,1,False
2026-02-20 01:50:10.511079,selen_01,41.0082,28.9784,TR,iPhone 13,indie,0,0,15,1,False
2026-02-20 01:55:10.511079,selen_01,41.0082,28.9784,TR,iPhone 14,jazz,0,0,15,0,False
2026-02-20 02:31:10.511079,selen_01,41.0082,28.9784,TR,MacBook Pro,k-pop,0,0,12,5,False
2026-02-20 02:33:10.511079,selen_01,41.0082,28.9784,TR,iPhone 13,electronic,0,0,19,2,False
2026-02-20 03:41:10.511079,selen_01,41.0082,28.9784,TR,iPhone 14,indie,0,0,15,4,False
2026-02-20 04:24:10.511079,selen_01,41.0082,28.9784,TR,iPhone 13,jazz,0,0,23,4,False
2026-02-20 05:13:10.511079,selen_01,41.0082,28.9784,TR,iPhone 14,electronic,0,0,7,4,False
2026-02-20 05:27:10.511079,selen_01,41.0082,28.9784,TR,iPhone 14,rock,0,0,9,3,False
2026-02-20 07:33:10.514069,selen_01,41.0082,28.9784,TR,iPhone 14,k-pop,0,0,20,0,False
2026-02-20 07:34:10.511079,selen_01,41.0082,28.9784,TR,MacBook Pro,pop,0,0,21,0,False
2026-02-20 08:59:10.511079,selen_01,41.0082,28.9784,TR,iPhone 14,electronic,0,0,15,1,False
2026-02-20 10:10:10.514069,selen_01,41.0082,28.9784,TR,iPhone 14,indie,0,0,23,4,False
2026-02-20 11:06:10.511079,selen_01,41.0082,28.9784,TR,iPhone 13,rock,0,0,18,0,False
2026-02-20 11:56:10.511079,selen_01,41.0082,28.9784,TR,MacBook Pro,k-pop,0,0,20,1,False
2026-02-20 12:11:10.511079,selen_01,41.0082,28.9784,TR,MacBook Pro,k-pop,0,0,20,0,False
2026-02-20 12:24:10.511079,selen_01,41.0082,28.9784,TR,iPhone 13,k-pop,0,0,5,3,False
2026-02-20 13:13:10.511079,selen_01,41.0082,28.9784,TR,MacBook Pro,k-pop,0,0,23,3,False
2026-02-20 13:35:10.511079,selen_01,41.0082,28.9784,TR,MacBook Pro,k-pop,0,0,23,4,False
2026-02-20 14:22:10.511079,selen_01,41.0082,28.9784,TR,MacBook Pro,indie,0,0,17,4,False
2026-02-20 16:16:10.511079,selen_01,41.0082,28.9784,TR,iPhone 13,jazz,0,0,19,5,False
2026-02-20 16:17:10.511079,selen_01,41.0082,28.9784,TR,iPhone 13,pop,0,0,19,0,False
2026-02-20 16:31:10.511079,selen_01,41.0082,28.9784,TR,iPhone 13,pop,0,0,25,4,False
2026-02-20 17:04:10.511079,selen_01,41.0082,28.9784,TR,iPhone 13,rock,0,0,18,0,False
2026-02-20 18:23:10.511079,selen_01,41.0082,28.9784,TR,iPhone 14,jazz,0,0,24,2,False
2026-02-20 18:24:10.514069,selen_01,41.0082,28.9784,TR,iPhone 14,indie,0,0,21,3,False
2026-02-20 18:26:10.511079,selen_01,41.0082,28.9784,TR,iPhone 14,indie,0,0,17,3,False
2026-02-20 18:55:10.511079,selen_01,41.0082,28.9784,TR,iPhone 13,electronic,0,0,9,0,False
2026-02-20 19:17:10.511079,selen_01,41.0082,28.9784,TR,MacBook Pro,jazz,0,0,25,3,False
2026-02-20 19:32:10.511079,selen_01,41.0082,28.9784,TR,iPhone 14,pop,0,0,16,1,False
2026-02-20 19:41:10.511079,selen_01,41.0082,28.9784,TR,iPhone 13,indie,0,0,14,4,False
2026-02-20 19:52:10.511079,selen_01,41.0082,28.9784,TR,MacBook Pro,rock,0,0,24,2,False
2026-02-20 20:05:10.514069,selen_01,41.0082,28.9784,TR,iPhone 13,electronic,0,0,21,3,False
2026-02-20 20:33:10.511079,selen_01,41.0082,28.9784,TR,MacBook Pro,indie,0,0,19,4,False
2026-02-20 21:07:10.511079,selen_01,41.0082,28.9784,TR,iPhone 13,jazz,0,0,21,0,False
2026-02-20 21:20:10.511079,selen_01,41.0082,28.9784,TR,MacBook Pro,electronic,0,0,8,0,False
2026-02-20 21:49:10.511079,selen_01,41.0082,28.9784,TR,iPhone 13,jazz,0,0,20,5,False
2026-02-21 01:49:10.511079,selen_01,41.0082,28.9784,TR,iPhone 13,electronic,0,0,11,2,False
2026-02-21 04:03:10.511079,selen_01,41.0082,28.9784,TR,iPhone 14,jazz,0,0,20,4,False
2026-02-21 04:49:10.511079,selen_01,41.0082,28.9784,TR,MacBook Pro,indie,0,0,8,3,False
2026-02-21 05:41:10.511079,selen_01,41.0082,28.9784,TR,iPhone 14,electronic,0,0,22,4,False
2026-02-21 06:01:10.514069,selen_01,41.0082,28.9784,TR,iPhone 13,indie,0,0,22,2,False
2026-02-21 06:16:10.511079,selen_01,41.0082,28.9784,TR,iPhone 14,electronic,0,0,5,2,False
2026-02-21 06:36:10.511079,selen_01,41.0082,28.9784,TR,MacBook Pro,jazz,0,0,25,3,False
2026-02-21 06:40:10.511079,selen_01,41.0082,28.9784,TR,iPhone 13,rock,0,0,25,1,False
2026-02-21 07:01:10.514069,selen_01,41.0082,28.9784,TR,iPhone 13,rock,0,0,11,3,False
2026-02-21 07:02:10.511079,selen_01,41.0082,28.9784,TR,iPhone 13,pop,0,0,7,0,False
2026-02-21 07:17:10.511079,selen_01,41.0082,28.9784,TR,iPhone 13,rock,0,0,22,1,False
2026-02-21 09:15:10.511079,selen_01,41.0082,28.9784,TR,MacBook Pro,electronic,0,0,22,4,False
2026-02-21 09:33:10.511079,selen_01,41.0082,28.9784,TR,MacBook Pro,k-pop,0,0,10,1,False
2026-02-21 09:33:10.511079,selen_01,41.0082,28.9784,TR,iPhone 13,indie,0,0,22,3,False
2026-02-21 10:17:10.514069,selen_01,41.0082,28.9784,TR,MacBook Pro,rock,0,0,8,0,False
2026-02-21 10:29:10.511079,selen_01,41.0082,28.9784,TR,iPhone 14,indie,0,0,6,0,False
2026-02-21 11:15:10.514069,selen_01,41.0082,28.9784,TR,iPhone 13,k-pop,0,0,24,2,False
2026-02-21 12:30:10.511079,selen_01,41.0082,28.9784,TR,MacBook Pro,pop,0,0,24,5,False
2026-02-21 13:01:10.511079,selen_01,41.0082,28.9784,TR,iPhone 14,electronic,0,0,22,0,False
2026-02-21 13:08:10.511079,selen_01,41.0082,28.9784,TR,iPhone 14,electronic,0,0,8,3,False
2026-02-21 14:44:10.511079,selen_01,41.0082,28.9784,TR,iPhone 14,k-pop,0,0,7,4,False
2026-02-21 16:08:10.511079,selen_01,41.0082,28.9784,TR,MacBook Pro,k-pop,0,0,17,1,False
2026-02-21 16:13:10.514069,selen_01,41.0082,28.9784,TR,MacBook Pro,electronic,0,0,6,1,False
2026-02-21 16:20:10.511079,selen_01,41.0082,28.9784,TR,iPhone 14,rock,0,0,25,0,False
2026-02-21 16:48:10.511079,selen_01,41.0082,28.9784,TR,MacBook Pro,pop,0,0,11,0,False
2026-02-21 17:43:10.511079,selen_01,41.0082,28.9784,TR,iPhone 14,jazz,0,0,25,3,False
2026-02-21 18:15:10.514069,selen_01,41.0082,28.9784,TR,iPhone 14,jazz,0,0,17,3,False
2026-02-21 18:26:10.511079,selen_01,41.0082,28.9784,TR,iPhone 14,electronic,0,0,20,3,False
2026-02-21 19:31:10.511079,selen_01,41.0082,28.9784,TR,iPhone 13,jazz,0,0,9,2,False
2026-02-21 19:41:10.511079,selen_01,41.0082,28.9784,TR,MacBook Pro,pop,0,0,13,4,False
2026-02-21 20:13:10.514069,selen_01,41.0082,28.9784,TR,iPhone 14,indie,0,0,10,1,False
2026-02-21 20:40:10.511079,selen_01,41.0082,28.9784,TR,iPhone 14,rock,0,0,24,5,False
2026-02-21 21:40:10.511079,selen_01,41.0082,28.9784,TR,MacBook Pro,jazz,0,0,6,1,False
2026-02-21 22:02:10.511079,selen_01,41.0082,28.9784,TR,iPhone 13,jazz,0,0,7,0,False
2026-02-21 22:20:10.511079,selen_01,41.0082,28.9784,TR,iPhone 13,jazz,0,0,6,4,False
2026-02-21 23:45:10.511079,selen_01,41.0082,28.9784,TR,MacBook Pro,pop,0,0,24,0,False
2026-02-21 23:59:10.511079,selen_01,41.0082,28.9784,TR,MacBook Pro,electronic,0,0,14,1,False
2026-02-22 00:21:10.511079,selen_01,41.0082,28.9784,TR,iPhone 14,jazz,0,0,23,5,False
2026-02-22 00:50:10.511079,selen_01,41.0082,28.9784,TR,MacBook Pro,electronic,0,0,9,3,False
2026-02-22 01:16:10.514069,selen_01,41.0082,28.9784,TR,MacBook Pro,pop,0,0,20,1,False
2026-02-22 01:29:10.511079,selen_01,41.0082,28.9784,TR,MacBook Pro,rock,0,0,12,3,False
2026-02-22 02:27:10.514069,selen_01,-23.5505,-46.6333,BR,Linux Desktop,hip-hop,4,8,38,8,True
2026-02-22 02:34:10.514069,selen_01,-23.5505,-46.6333,BR,Unknown Device,reggae,2,8,26,12,True
2026-02-22 02:37:10.511079,selen_01,41.0082,28.9784,TR,iPhone 14,electronic,0,0,22,4,False
2026-02-22 02:40:10.514069,selen_01,-23.5505,-46.6333,BR,Linux Desktop,metal,3,7,9,8,True
2026-02-22 02:41:10.514069,selen_01,-23.5505,-46.6333,BR,Linux Desktop,reggae,5,3,45,7,True
2026-02-22 02:42:10.514069,selen_01,-23.5505,-46.6333,BR,Linux Desktop,reggae,1,3,45,8,True
2026-02-22 02:48:10.514069,selen_01,-23.5505,-46.6333,BR,Linux Desktop,metal,4,5,39,5,True
2026-02-22 02:58:10.514069,selen_01,-23.5505,-46.6333,BR,Unknown Device,hip-hop,4,10,41,17,True
2026-02-22 03:00:10.514069,selen_01,-23.5505,-46.6333,BR,Unknown Device,hip-hop,2,3,10,15,True
2026-02-22 03:06:10.514069,selen_01,-23.5505,-46.6333,BR,Unknown Device,reggae,5,8,33,17,True
2026-02-22 03:23:10.514069,selen_01,-23.5505,-46.6333,BR,Unknown Device,hip-hop,4,3,3,15,True
2026-02-22 03:30:10.514069,selen_01,-23.5505,-46.6333,BR,Unknown Device,metal,2,10,15,7,True
2026-02-22 03:35:10.514069,selen_01,-23.5505,-46.6333,BR,Unknown Device,metal,5,7,45,6,True
2026-02-22 03:36:10.514069,selen_01,-23.5505,-46.6333,BR,Linux Desktop,reggae,4,4,19,7,True
2026-02-22 03:41:10.514069,selen_01,-23.5505,-46.6333,BR,Unknown Device,metal,2,3,9,10,True
2026-02-22 04:09:10.514069,selen_01,-23.5505,-46.6333,BR,Unknown Device,hip-hop,4,5,1,15,True
2026-02-22 04:18:10.514069,selen_01,-23.5505,-46.6333,BR,Linux Desktop,metal,5,10,14,20,True
2026-02-22 04:18:10.514069,selen_01,-23.5505,-46.6333,BR,Unknown Device,hip-hop,4,3,31,10,True
2026-02-22 04:19:10.514069,selen_01,-23.5505,-46.6333,BR,Unknown Device,metal,5,5,8,6,True
2026-02-22 04:23:10.514069,selen_01,-23.5505,-46.6333,BR,Linux Desktop,metal,2,10,9,18,True
2026-02-22 04:36:10.514069,selen_01,-23.5505,-46.6333,BR,Linux Desktop,hip-hop,4,8,38,7,True
2026-02-22 04:58:10.514069,selen_01,-23.5505,-46.6333,BR,Linux Desktop,reggae,2,8,46,8,True
2026-02-22 05:15:10.514069,selen_01,-23.5505,-46.6333,BR,Unknown Device,hip-hop,4,5,36,6,True
2026-02-22 05:47:10.514069,selen_01,-23.5505,-46.6333,BR,Linux Desktop,metal,4,8,3,7,True
2026-02-22 05:56:10.511079,selen_01,41.0082,28.9784,TR,iPhone 14,rock,0,0,17,2,False
2026-02-22 05:57:10.514069,selen_01,-23.5505,-46.6333,BR,Unknown Device,hip-hop,1,4,2,17,True
2026-02-22 08:09:10.514069,selen_01,41.0082,28.9784,TR,MacBook Pro,k-pop,0,0,8,4,False
2026-02-22 08:23:10.511079,selen_01,41.0082,28.9784,TR,iPhone 13,k-pop,0,0,6,5,False
2026-02-22 08:26:10.514069,selen_01,41.0082,28.9784,TR,MacBook Pro,indie,0,0,16,1,False
2026-02-22 09:26:10.511079,selen_01,41.0082,28.9784,TR,iPhone 13,k-pop,0,0,18,4,False
2026-02-22 09:35:10.511079,selen_01,41.0082,28.9784,TR,MacBook Pro,indie,0,0,24,5,False
2026-02-22 10:36:10.511079,selen_01,41.0082,28.9784,TR,iPhone 14,pop,0,0,10,2,False
2026-02-22 11:24:10.511079,selen_01,41.0082,28.9784,TR,MacBook Pro,rock,0,0,14,0,False
2026-02-22 12:02:10.511079,selen_01,41.0082,28.9784,TR,iPhone 13,jazz,0,0,9,2,False
2026-02-22 14:33:10.511079,selen_01,41.0082,28.9784,TR,iPhone 14,indie,0,0,12,0,False
2026-02-22 15:16:10.511079,selen_01,41.0082,28.9784,TR,iPhone 14,rock,0,0,14,0,False
2026-02-22 16:00:10.511079,selen_01,41.0082,28.9784,TR,MacBook Pro,k-pop,0,0,19,0,False
2026-02-22 16:01:10.511079,selen_01,41.0082,28.9784,TR,iPhone 14,indie,0,0,6,1,False
2026-02-22 16:09:10.511079,selen_01,41.0082,28.9784,TR,iPhone 13,electronic,0,0,24,5,False
2026-02-22 17:21:10.511079,selen_01,41.0082,28.9784,TR,MacBook Pro,pop,0,0,14,4,False
2026-02-22 17:48:10.511079,selen_01,41.0082,28.9784,TR,iPhone 14,electronic,0,0,24,5,False
2026-02-22 18:12:10.511079,selen_01,41.0082,28.9784,TR,iPhone 13,rock,0,0,19,4,False
2026-02-22 18:17:10.511079,selen_01,41.0082,28.9784,TR,iPhone 14,rock,0,0,13,4,False
2026-02-22 18:39:10.511079,selen_01,41.0082,28.9784,TR,iPhone 13,pop,0,0,9,1,False
2026-02-22 19:01:10.511079,selen_01,41.0082,28.9784,TR,iPhone 14,indie,0,0,15,3,False
2026-02-22 19:12:10.511079,selen_01,41.0082,28.9784,TR,MacBook Pro,pop,0,0,25,4,False
2026-02-22 19:24:10.511079,selen_01,41.0082,28.9784,TR,iPhone 14,indie,0,0,25,4,False
2026-02-22 19:39:10.511079,selen_01,41.0082,28.9784,TR,iPhone 13,pop,0,0,15,1,False
2026-02-22 20:03:10.511079,selen_01,41.0082,28.9784,TR,MacBook Pro,jazz,0,0,20,2,False
2026-02-22 20:28:10.511079,selen_01,41.0082,28.9784,TR,iPhone 13,jazz,0,0,25,2,False
2026-02-22 20:38:10.511079,selen_01,41.0082,28.9784,TR,iPhone 14,electronic,0,0,5,2,False
2026-02-22 22:05:10.511079,selen_01,41.0082,28.9784,TR,MacBook Pro,jazz,0,0,9,0,False
2026-02-22 22:48:10.514069,selen_01,41.0082,28.9784,TR,iPhone 14,jazz,0,0,15,5,False
2026-02-22 23:13:10.511079,selen_01,41.0082,28.9784,TR,iPhone 14,indie,0,0,8,4,False
2026-02-23 00:58:10.511079,selen_01,41.0082,28.9784,TR,iPhone 13,rock,0,0,11,5,False
2026-02-23 02:02:10.514069,selen_01,-23.5505,-46.6333,BR,Linux Desktop,metal,5,7,33,11,True
2026-02-23 02:23:10.511079,selen_01,41.0082,28.9784,TR,iPhone 13,k-pop,0,0,15,1,False
2026-02-23 02:29:10.514069,selen_01,-23.5505,-46.6333,BR,Linux Desktop,reggae,3,4,49,18,True
2026-02-23 02:30:10.514069,selen_01,-23.5505,-46.6333,BR,Unknown Device,metal,5,9,50,16,True
2026-02-23 02:32:10.514069,selen_01,-23.5505,-46.6333,BR,Linux Desktop,reggae,2,5,49,9,True
2026-02-23 02:47:10.514069,selen_01,-23.5505,-46.6333,BR,Unknown Device,metal,4,5,11,10,True
2026-02-23 02:57:10.514069,selen_01,-23.5505,-46.6333,BR,Linux Desktop,hip-hop,1,4,2,5,True
2026-02-23 03:11:10.514069,selen_01,-23.5505,-46.6333,BR,Linux Desktop,metal,2,4,25,6,True
2026-02-23 03:32:10.514069,selen_01,-23.5505,-46.6333,BR,Linux Desktop,hip-hop,1,4,32,11,True
2026-02-23 03:35:10.511079,selen_01,41.0082,28.9784,TR,MacBook Pro,k-pop,0,0,17,1,False
2026-02-23 04:06:10.514069,selen_01,-23.5505,-46.6333,BR,Linux Desktop,metal,3,8,44,15,True
2026-02-23 04:09:10.514069,selen_01,-23.5505,-46.6333,BR,Linux Desktop,reggae,1,7,27,8,True
2026-02-23 04:36:10.514069,selen_01,-23.5505,-46.6333,BR,Unknown Device,metal,3,6,12,7,True
2026-02-23 04:42:10.514069,selen_01,-23.5505,-46.6333,BR,Linux Desktop,metal,3,4,13,15,True
2026-02-23 04:43:10.514069,selen_01,-23.5505,-46.6333,BR,Unknown Device,hip-hop,4,10,23,14,True
2026-02-23 05:02:10.511079,selen_01,41.0082,28.9784,TR,iPhone 14,electronic,0,0,22,3,False
2026-02-23 05:17:10.514069,selen_01,-23.5505,-46.6333,BR,Unknown Device,reggae,4,9,42,10,True
2026-02-23 05:28:10.514069,selen_01,-23.5505,-46.6333,BR,Linux Desktop,metal,4,7,45,15,True
2026-02-23 05:31:10.514069,selen_01,-23.5505,-46.6333,BR,Unknown Device,reggae,1,5,29,10,True
2026-02-23 05:33:10.511079,selen_01,41.0082,28.9784,TR,MacBook Pro,pop,0,0,17,4,False
2026-02-23 05:37:10.514069,selen_01,-23.5505,-46.6333,BR,Linux Desktop,hip-hop,1,3,36,18,True
2026-02-23 05:58:10.511079,selen_01,41.0082,28.9784,TR,iPhone 14,k-pop,0,0,22,5,False
2026-02-23 06:03:10.511079,selen_01,41.0082,28.9784,TR,MacBook Pro,indie,0,0,19,3,False
2026-02-23 06:20:10.511079,selen_01,41.0082,28.9784,TR,MacBook Pro,k-pop,0,0,17,2,False
2026-02-23 08:45:10.511079,selen_01,41.0082,28.9784,TR,MacBook Pro,k-pop,0,0,22,5,False
2026-02-23 10:03:10.511079,selen_01,41.0082,28.9784,TR,MacBook Pro,electronic,0,0,15,0,False
2026-02-23 10:44:10.511079,selen_01,41.0082,28.9784,TR,MacBook Pro,electronic,0,0,18,4,False
2026-02-23 11:12:10.514069,selen_01,41.0082,28.9784,TR,iPhone 13,jazz,0,0,23,0,False
2026-02-23 11:44:10.511079,selen_01,41.0082,28.9784,TR,iPhone 14,jazz,0,0,20,1,False
2026-02-23 12:12:10.511079,selen_01,41.0082,28.9784,TR,MacBook Pro,pop,0,0,14,5,False
2026-02-23 13:40:10.514069,selen_01,41.0082,28.9784,TR,iPhone 14,jazz,0,0,5,3,False
2026-02-23 13:45:10.514069,selen_01,41.0082,28.9784,TR,iPhone 14,k-pop,0,0,23,1,False
2026-02-23 14:11:10.511079,selen_01,41.0082,28.9784,TR,iPhone 13,electronic,0,0,23,3,False
2026-02-23 14:12:10.514069,selen_01,41.0082,28.9784,TR,iPhone 13,k-pop,0,0,15,5,False
2026-02-23 16:09:10.511079,selen_01,41.0082,28.9784,TR,MacBook Pro,electronic,0,0,19,3,False
2026-02-23 16:47:10.511079,selen_01,41.0082,28.9784,TR,MacBook Pro,indie,0,0,23,2,False
2026-02-23 16:49:10.511079,selen_01,41.0082,28.9784,TR,iPhone 14,jazz,0,0,20,0,False
2026-02-23 17:19:10.514069,selen_01,41.0082,28.9784,TR,iPhone 13,jazz,0,0,14,3,False
2026-02-23 18:15:10.511079,selen_01,41.0082,28.9784,TR,iPhone 13,jazz,0,0,7,2,False
2026-02-23 18:53:10.511079,selen_01,41.0082,28.9784,TR,iPhone 13,rock,0,0,17,3,False
2026-02-23 19:58:10.511079,selen_01,41.0082,28.9784,TR,iPhone 13,indie,0,0,5,3,False
2026-02-23 20:20:10.511079,selen_01,41.0082,28.9784,TR,iPhone 14,k-pop,0,0,12,0,False
2026-02-23 20:49:10.511079,selen_01,41.0082,28.9784,TR,iPhone 14,indie,0,0,19,2,False
2026-02-23 20:55:10.514069,selen_01,41.0082,28.9784,TR,iPhone 13,pop,0,0,19,1,False
2026-02-23 21:53:10.511079,selen_01,41.0082,28.9784,TR,MacBook Pro,pop,0,0,7,4,False
2026-02-23 22:04:10.511079,selen_01,41.0082,28.9784,TR,iPhone 13,k-pop,0,0,9,3,False
2026-02-23 22:30:10.511079,selen_01,41.0082,28.9784,TR,MacBook Pro,jazz,0,0,25,4,False
2026-02-23 23:29:10.511079,selen_01,41.0082,28.9784,TR,iPhone 14,jazz,0,0,19,0,False
2026-02-23 23:41:10.511079,selen_01,41.0082,28.9784,TR,iPhone 14,pop,0,0,8,3,False
2026-02-24 00:09:10.511079,selen_01,41.0082,28.9784,TR,MacBook Pro,rock,0,0,8,1,False
2026-02-24 02:16:10.514069,selen_01,-23.5505,-46.6333,BR,Linux Desktop,reggae,4,6,41,16,True
2026-02-24 02:18:10.514069,selen_01,-23.5505,-46.6333,BR,Unknown Device,reggae,5,8,28,9,True
2026-02-24 02:21:10.514069,selen_01,-23.5505,-46.6333,BR,Unknown Device,reggae,3,10,8,8,True
2026-02-24 02:22:10.514069,selen_01,-23.5505,-46.6333,BR,Unknown Device,metal,5,6,3,15,True
2026-02-24 02:24:10.511079,selen_01,41.0082,28.9784,TR,iPhone 14,jazz,0,0,21,4,False
2026-02-24 02:24:10.514069,selen_01,-23.5505,-46.6333,BR,Linux Desktop,metal,1,6,34,18,True
2026-02-24 02:41:10.514069,selen_01,-23.5505,-46.6333,BR,Linux Desktop,hip-hop,3,10,40,13,True
2026-02-24 02:42:10.514069,selen_01,-23.5505,-46.6333,BR,Unknown Device,metal,1,4,47,8,True
2026-02-24 02:49:10.514069,selen_01,-23.5505,-46.6333,BR,Linux Desktop,reggae,1,6,43,11,True
2026-02-24 03:10:10.514069,selen_01,-23.5505,-46.6333,BR,Unknown Device,reggae,1,6,27,15,True
2026-02-24 03:16:10.514069,selen_01,-23.5505,-46.6333,BR,Linux Desktop,reggae,4,3,47,14,True
2026-02-24 03:22:10.511079,selen_01,41.0082,28.9784,TR,iPhone 14,pop,0,0,8,1,False
2026-02-24 04:30:10.514069,selen_01,41.0082,28.9784,TR,iPhone 13,rock,0,0,13,2,False
2026-02-24 04:43:10.514069,selen_01,-23.5505,-46.6333,BR,Unknown Device,metal,1,7,14,6,True
2026-02-24 04:52:10.514069,selen_01,-23.5505,-46.6333,BR,Unknown Device,reggae,5,10,32,6,True
2026-02-24 05:14:10.514069,selen_01,-23.5505,-46.6333,BR,Linux Desktop,reggae,3,8,24,14,True
2026-02-24 05:14:10.514069,selen_01,-23.5505,-46.6333,BR,Linux Desktop,metal,1,5,8,16,True
2026-02-24 05:28:10.514069,selen_01,-23.5505,-46.6333,BR,Linux Desktop,metal,3,8,1,12,True
2026-02-24 05:29:10.514069,selen_01,-23.5505,-46.6333,BR,Unknown Device,reggae,4,4,32,19,True
2026-02-24 05:48:10.514069,selen_01,-23.5505,-46.6333,BR,Unknown Device,hip-hop,2,8,18,6,True
2026-02-24 05:53:10.514069,selen_01,-23.5505,-46.6333,BR,Unknown Device,reggae,2,5,40,13,True
2026-02-24 07:34:10.511079,selen_01,41.0082,28.9784,TR,MacBook Pro,k-pop,0,0,10,2,False
2026-02-24 07:52:10.514069,selen_01,41.0082,28.9784,TR,MacBook Pro,pop,0,0,23,4,False
2026-02-24 09:03:10.511079,selen_01,41.0082,28.9784,TR,iPhone 14,indie,0,0,23,0,False
2026-02-24 10:42:10.511079,selen_01,41.0082,28.9784,TR,iPhone 14,rock,0,0,12,2,False
2026-02-24 10:45:10.511079,selen_01,41.0082,28.9784,TR,MacBook Pro,indie,0,0,7,1,False
2026-02-24 11:00:10.511079,selen_01,41.0082,28.9784,TR,iPhone 13,pop,0,0,21,1,False
2026-02-24 11:48:10.511079,selen_01,41.0082,28.9784,TR,iPhone 13,jazz,0,0,17,2,False
2026-02-24 12:10:10.511079,selen_01,41.0082,28.9784,TR,iPhone 14,rock,0,0,20,2,False
2026-02-24 12:14:10.511079,selen_01,41.0082,28.9784,TR,MacBook Pro,jazz,0,0,25,0,False
2026-02-24 12:27:10.514069,selen_01,41.0082,28.9784,TR,iPhone 13,pop,0,0,19,2,False
2026-02-24 12:46:10.511079,selen_01,41.0082,28.9784,TR,iPhone 14,pop,0,0,20,2,False
2026-02-24 13:04:10.511079,selen_01,41.0082,28.9784,TR,MacBook Pro,indie,0,0,9,5,False
2026-02-24 13:19:10.511079,selen_01,41.0082,28.9784,TR,MacBook Pro,indie,0,0,25,2,False
2026-02-24 13:26:10.511079,selen_01,41.0082,28.9784,TR,iPhone 14,jazz,0,0,14,5,False
2026-02-24 15:25:10.511079,selen_01,41.0082,28.9784,TR,iPhone 14,pop,0,0,23,4,False
2026-02-24 15:45:10.511079,selen_01,41.0082,28.9784,TR,iPhone 14,indie,0,0,21,5,False
2026-02-24 16:28:10.511079,selen_01,41.0082,28.9784,TR,iPhone 13,pop,0,0,12,5,False
2026-02-24 16:29:10.514069,selen_01,41.0082,28.9784,TR,iPhone 14,pop,0,0,20,0,False
2026-02-24 17:18:10.511079,selen_01,41.0082,28.9784,TR,iPhone 14,jazz,0,0,13,3,False
2026-02-24 17:29:10.511079,selen_01,41.0082,28.9784,TR,iPhone 14,rock,0,0,17,4,False
2026-02-24 17:29:10.514069,selen_01,41.0082,28.9784,TR,MacBook Pro,indie,0,0,19,0,False
2026-02-24 17:50:10.511079,selen_01,41.0082,28.9784,TR,iPhone 13,pop,0,0,13,1,False
2026-02-24 18:28:10.511079,selen_01,41.0082,28.9784,TR,MacBook Pro,rock,0,0,12,5,False
2026-02-24 19:32:10.511079,selen_01,41.0082,28.9784,TR,iPhone 13,rock,0,0,23,1,False
2026-02-24 20:03:10.511079,selen_01,41.0082,28.9784,TR,MacBook Pro,indie,0,0,25,1,False
2026-02-24 20:11:10.511079,selen_01,41.0082,28.9784,TR,MacBook Pro,k-pop,0,0,7,4,False
2026-02-24 21:21:10.514069,selen_01,41.0082,28.9784,TR,MacBook Pro,k-pop,0,0,25,4,False
2026-02-24 21:34:10.511079,selen_01,41.0082,28.9784,TR,iPhone 14,k-pop,0,0,13,1,False
2026-02-24 22:05:10.511079,selen_01,41.0082,28.9784,TR,MacBook Pro,electronic,0,0,21,2,False
2026-02-25 00:06:10.511079,selen_01,41.0082,28.9784,TR,iPhone 14,indie,0,0,17,4,False
2026-02-25 00:12:10.511079,selen_01,41.0082,28.9784,TR,iPhone 13,rock,0,0,10,3,False
2026-02-25 01:00:10.514069,selen_01,41.0082,28.9784,TR,iPhone 14,k-pop,0,0,7,2,False
2026-02-25 01:12:10.511079,selen_01,41.0082,28.9784,TR,iPhone 13,k-pop,0,0,20,3,False
2026-02-25 02:00:10.511079,selen_01,41.0082,28.9784,TR,iPhone 13,indie,0,0,16,0,False
2026-02-25 02:31:10.514069,selen_01,41.0082,28.9784,TR,iPhone 13,rock,0,0,5,1,False
2026-02-25 02:48:10.511079,selen_01,41.0082,28.9784,TR,iPhone 13,indie,0,0,9,0,False
2026-02-25 04:29:10.514069,selen_01,41.0082,28.9784,TR,iPhone 14,k-pop,0,0,22,5,False
2026-02-25 05:15:10.511079,selen_01,41.0082,28.9784,TR,iPhone 14,electronic,0,0,21,3,False
2026-02-25 05:15:10.511079,selen_01,41.0082,28.9784,TR,MacBook Pro,rock,0,0,18,1,False
2026-02-25 06:23:10.511079,selen_01,41.0082,28.9784,TR,MacBook Pro,jazz,0,0,11,3,False
2026-02-25 08:32:10.511079,selen_01,41.0082,28.9784,TR,iPhone 14,electronic,0,0,25,1,False
2026-02-25 08:44:10.511079,selen_01,41.0082,28.9784,TR,iPhone 14,electronic,0,0,20,3,False
2026-02-25 09:09:10.511079,selen_01,41.0082,28.9784,TR,MacBook Pro,pop,0,0,6,3,False
2026-02-25 09:15:10.511079,selen_01,41.0082,28.9784,TR,iPhone 14,pop,0,0,10,4,False
2026-02-25 09:21:10.514069,selen_01,41.0082,28.9784,TR,iPhone 13,rock,0,0,18,1,False
2026-02-25 09:43:10.511079,selen_01,41.0082,28.9784,TR,MacBook Pro,pop,0,0,22,2,False
2026-02-25 10:36:10.511079,selen_01,41.0082,28.9784,TR,iPhone 13,pop,0,0,20,2,False
2026-02-25 10:45:10.511079,selen_01,41.0082,28.9784,TR,iPhone 13,electronic,0,0,24,3,False
2026-02-25 11:22:10.511079,selen_01,41.0082,28.9784,TR,iPhone 13,jazz,0,0,8,0,False
2026-02-25 11:39:10.511079,selen_01,41.0082,28.9784,TR,iPhone 14,indie,0,0,8,2,False
2026-02-25 11:49:10.511079,selen_01,41.0082,28.9784,TR,iPhone 13,jazz,0,0,9,1,False
2026-02-25 11:54:10.511079,selen_01,41.0082,28.9784,TR,iPhone 14,jazz,0,0,20,1,False
2026-02-25 12:00:10.511079,selen_01,41.0082,28.9784,TR,MacBook Pro,pop,0,0,8,3,False
2026-02-25 13:08:10.511079,selen_01,41.0082,28.9784,TR,MacBook Pro,pop,0,0,23,5,False
2026-02-25 13:22:10.511079,selen_01,41.0082,28.9784,TR,iPhone 14,electronic,0,0,5,5,False
2026-02-25 13:24:10.511079,selen_01,41.0082,28.9784,TR,iPhone 14,pop,0,0,9,5,False
2026-02-25 14:11:10.511079,selen_01,41.0082,28.9784,TR,MacBook Pro,k-pop,0,0,8,0,False
2026-02-25 15:06:10.511079,selen_01,41.0082,28.9784,TR,MacBook Pro,indie,0,0,19,5,False
